"X1","X2","X3","X4","Y","individual","Yreal","Train"
2.2329050043366,-1.55686511559378,-0.18489516713802,-1.63590086045443,1,1,1,1
1.64996629026173,-1.01424545589754,2.06631236470681,-3.69394577786455,1,1,1,1
2.0408617633634,-1.54986826072483,1.97544800142752,-4.21492313795836,1,1,1,1
0.179996245510928,-1.26064387175206,-0.788691565013313,-1.12208504232493,1,1,1,1
0.658471677626468,-2.34297668879983,2.6200230859275,-3.3398426193132,1,1,0,1
-0.605581004761734,0.902138126794655,-0.867256838332872,-3.72860726928601,1,1,1,1
1.0324152641845,-1.25680256912286,2.02823761010329,-3.05847656386477,1,1,1,1
-1.41539895750909,-1.61730709134739,-1.80165189271487,-4.77847427796259,1,1,1,1
1.34222942260365,1.35938676090557,0.241179809872837,-3.84076927020908,1,1,1,1
1.1296133188752,1.00760882891361,-0.802789206594209,0.113173540914052,1,1,1,1
1.88538149592093,1.08203397319971,0.535191195090156,-3.63494729868161,1,1,1,1
0.621872500292295,1.76359039867314,1.54286455838709,-2.80475749924825,1,1,1,1
-0.465179689566165,-0.494714023055925,0.852293983028973,-0.416971572137917,1,1,1,1
1.25399401560703,-1.85453518489256,2.96624070047114,-4.09509511495081,0,1,0,1
2.58217255986406,1.57629376679308,1.08498778363525,-1.38167474108979,0,1,0,1
0.911476557478799,2.39197119646691,0.657570715632046,-3.90717416440366,1,1,1,1
2.2087115417283,1.71747865644023,-1.74137102602633,-2.48888956089245,1,1,1,1
3.24859338992149,-0.704044990486574,1.35623461071773,-4.94274679370445,1,1,1,1
0.476748978112693,0.0175026681350142,1.81902800655575,-3.47200187727154,1,1,1,1
-2.06399144254122,0.533069452671812,2.24769679959243,-2.62486412636368,1,1,1,1
2.22790266596687,-0.909884839036401,2.01577460750711,-3.39171324112182,0,1,0,1
3.1439517912632,0.725745209571763,2.6847806528407,-3.96654981849872,0,1,0,1
2.67640646864269,-0.413911782022641,0.790227371207157,-4.34157419200855,1,1,1,1
2.69932700252199,-0.989240700230966,2.48066430011768,-4.12751663411351,0,1,0,0
-0.328200326034715,0.767702926840195,4.37031293959157,-6.84371958072677,1,1,1,0
0.429522547180666,-1.07580759609987,3.80873361493724,-3.23464764541626,0,1,0,0
0.722736955480355,0.00780016972755915,0.245648822810756,-4.70863190107871,1,1,1,0
0.347817545318294,1.74748911310266,-0.0978697301654321,-5.01812710621373,1,1,1,0
1.98658643874948,0.843374097015695,-0.811456300812907,-3.29617191705231,1,1,1,0
-0.723996772001124,0.846518073592539,3.16724810848283,-4.06119906754552,1,1,1,0
2.5239572054292,1.4919247775905,0.628501294827411,-4.96887533389288,1,1,1,0
1.49207634391481,0.107013815339,-0.682815482027158,-2.54584267294866,1,1,1,0
-0.0450777681790375,2.05632745622801,0.818528887944616,-1.2459846896346,1,1,1,0
-0.788546234187453,2.09927866897904,-2.02431176021504,-2.26742988865083,0,2,0,1
0.455778118874889,1.74756864963023,-0.460066734335683,-1.84659053480691,0,2,0,1
0.280568089607302,0.87451725788875,-2.32057740269286,-1.31262913488481,0,2,0,1
-0.12557517825783,2.29098740557339,-2.02212903162517,-2.24580581410168,0,2,0,1
-1.76983878359317,0.872751847939723,-0.598309624298739,-2.81549219520586,0,2,0,1
0.0323245265132823,2.92171195690764,-2.94455679934042,-1.56186286689303,0,2,0,1
-2.07093330512155,3.97388483062867,-2.8506338116421,-3.09819553397471,0,2,0,1
-2.57517729560787,0.900677788798965,-1.02815201349236,-2.7420903306395,0,2,0,1
0.452981815671514,3.87288497648591,-2.13189610669937,-2.75604817045393,0,2,0,1
-1.28866408936612,2.22811852338032,-2.98752254474597,-2.8316511589679,0,2,0,1
-0.308284692871636,1.52924319753047,-1.38640519303587,-1.91355058036052,0,2,0,1
0.137240634147205,1.82381974610846,-3.34102720061488,-3.33184645867142,0,2,0,1
-2.34363705473222,2.25223269760819,-2.24924286667121,-0.161190793484293,0,2,0,1
-3.32058647556429,0.949623814680827,-1.7700186450463,-2.21864893303757,0,2,0,1
-1.18252288228548,-0.269185840944472,-1.7563295665097,-1.25052490127062,0,2,0,1
-0.911163698668228,3.21307071463906,-0.338166190427801,-1.97690471756575,0,2,0,1
-0.80580780700319,1.94608082323828,-1.89493000508352,-3.10134116183668,0,2,0,1
-2.17770360095787,1.26817177826746,-2.70261211467269,-1.11119592859235,0,2,0,1
-2.13921893265175,2.93905504538638,-2.13137457170061,-2.52431515098575,0,2,0,1
0.00311382458320808,4.57062761101452,-3.63372917941398,-1.73860519419865,0,2,0,1
-1.74338157460999,4.08630345948871,-2.92976525946237,-0.797482083905237,0,2,0,1
-1.1464747381822,1.04537079021919,-1.57298881404998,-3.10781273905956,0,2,0,1
-1.44495524902307,2.03309172966084,-2.8103381309022,-1.10227774253822,0,2,0,1
-1.19108650913013,1.549468941161,-3.31965117171258,-1.64687486813396,0,2,0,1
-0.120328963966638,2.08195567503114,-0.817286150536269,-2.12293606824577,0,2,0,1
0.201846501226265,1.36420016225013,-2.35972416439068,-0.770127064694686,0,2,0,1
-2.68321939066743,1.92414521694426,-4.22660331160399,-2.1073332746013,0,2,1,1
-2.39295401242068,4.14850607754846,-0.803333083138174,-1.96117323759529,0,2,0,1
-2.16376155593908,3.14286942362995,-0.755334915339173,-1.6290966223578,0,2,0,1
-2.09508022509264,2.73891501682829,-3.38981394300505,-2.36108591615545,0,2,0,1
-1.68873126458747,1.91298378604715,-2.83388397336266,-1.24925670286255,0,2,0,0
0.36740797401259,2.48129783474483,-3.50407124297812,-0.637697357926095,0,2,0,0
-2.38499110251144,2.4148964607082,-3.17785900805065,-1.58149500494461,0,2,0,0
-1.32719985950679,1.19389930156429,-3.68208553840492,-2.549399172055,0,2,0,0
-2.57883276827007,1.40224835107157,-1.61681766409898,-1.3023637257039,0,2,0,0
-0.475253227760774,2.20961553161851,-3.21009601920018,-1.16316596232865,0,2,0,0
-0.695192357618402,2.1343074270917,-1.60406707780072,-2.61147045576116,0,2,0,0
0.166962469011304,2.05453695282645,-1.60046122592788,-3.00255855951665,0,2,0,0
-1.58928338773565,1.94935669036087,-1.72445843191043,-1.34605039034513,0,2,0,0
1.15771319071986,1.0768831307529,-2.79042752513084,-3.81516456443655,0,2,0,0
-0.771494567870367,3.16716637219067,-1.55022058433851,-2.36447262068779,0,3,0,1
-2.3195245761257,3.84270514482883,-1.55201750683126,-2.83113451937455,0,3,0,1
-2.37255615293968,2.69272186374443,-1.22377157062347,-2.07180423817876,0,3,0,1
-2.34168691822137,1.22122245229448,-2.38480183035601,-0.208437360561,0,3,0,1
-2.79590593826654,1.55385862109949,-3.23741556981862,-2.8565296066944,0,3,0,1
-0.615701232599739,1.44534581057377,-1.81536864131635,-1.89892243058026,0,3,0,1
0.360290076560351,3.0094901976761,-3.2062336515918,0.367253168883233,0,3,0,1
-1.4680681616799,0.374275256258245,-2.20199333816736,-2.87665954707919,0,3,0,1
-1.82661316415068,1.50742865894288,-2.53371164350152,-1.32256136144696,0,3,0,1
-0.974656158027556,1.0777167430485,-4.33740329735492,-1.11908081548667,0,3,0,1
0.480258665705202,1.7995635084243,-0.839465682648246,-3.30806207339377,0,3,0,1
-0.667494443371978,2.2357533328821,-2.27090591088867,-3.69092840951995,0,3,0,1
-0.900027152637525,2.43302227671849,-2.01714254653499,-1.03275082853621,0,3,0,1
-0.71529708481414,2.60740899555235,-1.7503258324155,-1.89571283002938,0,3,0,1
-0.33847556952966,3.18467903982325,-0.123274704599116,-2.19957715587355,0,3,0,1
0.0503785638645549,1.34454152000431,-1.73182611200509,-2.85630514686742,0,3,0,1
-0.433871079205569,0.982372432447546,-1.78863127507646,-2.33476038054893,0,3,0,1
-1.04462896469354,3.94210877936646,-2.30507414321994,-1.72614726919073,0,3,0,1
-0.95293534561168,1.91930643700042,-2.17481342478183,-2.05956584410886,0,3,0,1
-0.0824405395129172,1.39954046477965,-2.53019900819521,-2.30792221732527,0,3,0,1
-0.225674024679311,1.28425433920937,-2.44565333673335,-2.30407784341435,0,3,0,1
-0.621651481264306,1.56320111782434,-3.17629522604562,-1.96429766007693,0,3,0,1
0.257470039133266,1.09431324344861,-2.77639427450308,-1.08439950242189,0,3,0,1
-2.5516850752492,2.4481490554126,-3.33937949206098,-2.59278831202599,0,3,0,1
-4.53942487195726,1.22172832231194,-2.33256388713113,-2.62872646650915,1,3,1,1
-2.04290093958994,0.257917803781246,-1.7635639651189,-1.66129227044104,0,3,0,1
-0.292761539675685,3.71344264618174,-2.95711387128609,-1.62050895937762,0,3,0,1
-0.0579444154895543,2.43008500258503,-1.95337570659357,-2.26130913383293,0,3,0,1
-0.9241325155769,3.65207270236568,-4.46788614118051,-1.13080517431045,0,3,0,0
0.33494782658926,3.18030201524723,-0.853849555621912,-0.410318599542579,0,3,0,0
-0.3925548632179,1.0423127471358,-1.74999691865545,-1.88055268846515,0,3,0,0
-0.425795319348624,2.1436714559878,-1.31661621432681,-2.15771459596585,0,3,0,0
-0.487823496479707,1.62188634611215,-0.91595005557938,-2.31352705065294,0,3,0,0
-1.38268460914414,0.523628409432016,-1.98407608214047,-2.29325256523009,0,3,0,0
-2.62310720745747,0.210696136792344,-0.746886077243589,-2.57384971517744,0,3,0,0
-2.43978020173459,2.88754464371842,-1.93289820362339,-3.90671244069177,0,3,0,0
-0.968327203485352,2.89020243894546,-1.64999413554508,-3.98458004084394,0,3,0,0
-2.05788470977905,3.15113130748532,-0.0312118976026077,-2.96559454636737,0,3,0,0
0.664680504351605,2.76682071914353,2.03686291072059,-3.17150195604532,1,4,1,1
0.472747728275902,-1.61526377357426,0.0897038426274076,-3.34201555327115,1,4,1,1
3.50583681340336,0.177123741521961,1.67802953211596,-3.03245348813399,0,4,0,1
-0.834649970958296,-0.215059162970097,0.820636975648846,-5.18055975174978,1,4,1,1
1.00480998291163,-1.19415152323833,2.62887337404709,-5.41129556362113,1,4,1,1
0.693558943463296,-1.19749584248307,0.762522115063863,-1.41335145793452,1,4,1,1
0.0753824974033472,-1.17031139982766,-0.853796181348378,-3.56487986181413,1,4,1,1
2.98335159594389,-0.988096293445077,1.54926888106546,-2.50226572967014,0,4,0,1
-0.722144297147427,0.862252804306596,1.49820697694367,-1.30165809499984,1,4,1,1
0.983548900062116,2.58720478599003,1.51840050040032,-3.8009648106782,1,4,1,1
1.31970100937764,-0.399662112430802,1.47789449319501,-2.45597338768609,1,4,1,1
-1.56533571253059,-1.72113354685648,-0.00363047148359019,0.330297009500602,1,4,1,1
1.6873815113372,1.58800874457152,1.72270028463577,-2.76872630907684,1,4,1,1
-2.31622731683891,-0.247018588711901,2.55383917683574,-2.92422803401622,1,4,1,1
1.74236024788125,-0.181005827142789,1.04124878787201,-1.99380993019926,1,4,1,1
0.235072019856499,-2.33141510283005,0.629134860570603,-4.5893209706992,1,4,1,1
3.2818497474699,0.500956064329755,-1.11936200628745,-2.19281067113622,1,4,1,1
-0.303980610794064,-0.26558060481247,0.204459709923543,-3.62114580870478,1,4,1,1
1.78578630150797,0.666212465636338,3.04729416902171,-2.66723274364504,0,4,0,1
1.18605548740012,1.26259058108077,2.34119748524538,-1.58806885871524,0,4,0,1
0.198186831556787,0.92212055135922,2.66092923796308,-2.60325025005409,0,4,0,1
1.62192791661996,-2.17365192968789,-0.201802467462476,-1.04506668357832,1,4,1,1
3.6018565154871,-1.60156765860047,0.508909955144484,-4.33799442071486,1,4,1,1
-0.82492474450877,-0.478353878131374,-1.61231354883265,-0.246491899320298,1,4,1,0
0.869994552715677,0.216594450870349,3.19962111872734,-2.5925695719501,0,4,0,0
0.321399842318243,-0.287067164555766,1.34780342374257,-3.73367372321012,1,4,1,0
2.61238575638198,-0.45277431200471,1.68824458170406,-5.02958276052354,1,4,1,0
-0.324951056852526,-3.33188080082516,0.344024178838253,-3.69893119408656,1,4,1,0
0.811857615038703,-0.167429052401448,-0.220104174831924,-3.8787991159144,1,4,1,0
-0.646247223878201,1.29624327564319,2.58736539371662,-1.90144885642895,0,4,0,0
0.0498634043860339,-1.13767121241435,2.68310210252882,-2.01435961950352,0,4,0,0
1.96055828922955,-0.118282846543546,1.88437091473979,-3.59049662842436,1,4,1,0
3.03896181946287,1.15794844973005,-0.312755858217479,-1.86102410120345,1,4,1,0
-0.799576425995135,3.74075426422732,-4.53713975330918,-1.76262225231339,1,5,1,1
-0.533051304089869,3.60031698086652,-3.94397208254464,-1.98081127207627,1,5,1,1
-2.4200208450709,0.243020306549686,-2.21473377037763,-0.0486684788352217,1,5,1,1
-1.75023014585263,2.09991459079536,-0.790315505959954,0.14377413631942,1,5,1,1
-1.34355887875301,2.82434702609468,-2.76432339274876,0.350696453802418,1,5,1,1
0.569682132729991,3.73260915337532,-2.18691491675476,-1.42031397495878,1,5,1,1
-0.328020068919602,4.53791906937843,-2.27479224278922,-0.0500876867999009,1,5,1,1
0.820780538568845,3.49650058651205,-4.63010852854622,-1.37919284056508,0,5,0,1
-1.56436229901418,1.78489295230942,-3.15520709087667,-0.452258792558282,1,5,1,1
-0.424542433087644,3.98633882463997,-1.58811282829146,-0.0346698870980875,1,5,1,1
0.68491800786669,3.30322658256162,-4.71199777923428,0.026829600675556,0,5,0,1
-1.49376818645463,2.72198001944753,-1.75033076784308,-0.0715613797732801,1,5,1,1
-1.04361053456292,2.64948292949162,-2.29507461878879,-0.644980713116942,1,5,1,1
-0.345158317182367,3.96042437790048,-3.99056126897506,-1.23462162080295,1,5,1,1
-1.09615187185333,4.78406112916328,-4.51559554005849,1.37776105474268,1,5,1,1
-0.273077242712559,2.35356654984206,-2.36999343850715,-1.05053581291877,1,5,1,1
0.289281876673614,2.25255453289518,-3.95951627835177,-0.90734571809403,0,5,0,1
-2.79411819838208,2.17798281958499,-2.41019433738117,-3.43780396427724,1,5,1,1
-0.959141444263787,3.56116272459548,-4.89072456904343,-1.45553672307078,1,5,1,1
-3.06606726033245,4.35710252918178,-3.79891365451977,0.445433772544791,1,5,1,1
-0.699723993614475,1.17901742083084,-2.83217488161554,-0.436672229743577,0,5,0,1
-0.461636787989215,3.45517345881534,-1.60932829664966,-1.28932930181712,1,5,1,1
-0.445198240444153,3.17957311676496,-1.62637024888478,-2.55502550503564,1,5,1,0
-0.514693820905019,3.88396941576353,-4.33813623547481,-2.00928637760094,1,5,1,0
-0.415736071737555,4.70794455617985,-5.03404023417378,-0.0315602977733496,1,5,1,0
-0.504217590060134,2.73812803147983,-3.38193419859314,-1.92938979033211,1,5,0,0
-1.70215608475113,1.62899712785278,-2.19095906680064,0.433340476095104,1,5,1,0
0.779949575552269,3.70197053622361,-1.00555684756335,-0.37022514490177,1,5,1,0
0.0761320887330019,2.43702286758418,-4.63334520445704,-2.28745781772959,0,5,0,0
-2.73889142984412,2.56360168509813,-2.59745602911185,-1.13537967524812,1,5,1,0
0.158216862938887,2.58962239716289,-5.00971520147606,-0.11828361877904,0,5,0,0
-2.29634643909064,2.86295194020974,-4.28077921595665,-0.697519038366962,1,5,1,0
-1.19947061113022,0.311220410194733,2.74669113633242,-1.93341280188505,0,6,0,1
1.24951437752279,0.324297937143463,2.63568332053906,-0.914083865605573,0,6,0,1
1.49131374667797,1.79709547039532,-2.93167275146279,-1.72172806907508,1,6,1,1
2.06064118188579,0.931425979398078,0.35352713250209,-4.08003421790391,1,6,1,1
1.13005140212337,-0.116327409359975,2.41700226671375,-4.17546891776757,0,6,0,1
1.0537703251323,0.378178852502229,1.00708637001075,-3.30059585879212,1,6,1,1
1.89019109466903,-1.00002687509927,0.919060557158609,-2.79091658840273,1,6,1,1
1.82372152471448,2.4593063000281,0.182850552308788,-1.8661313541325,1,6,1,1
0.4266749752344,-0.0904865537949164,1.86118045249826,-2.92275347449111,1,6,1,1
-0.770663430662373,-0.96875450259495,1.59253309949769,-4.70171996483394,1,6,1,1
1.40633547917164,0.529366501022838,2.09851687340751,-3.83160832949808,0,6,0,1
1.49143500889271,0.971136732502452,0.65010716416826,-2.67481455203949,1,6,1,1
1.98901969176928,0.57518219335436,1.99246974664184,-1.90156698814121,0,6,0,1
-0.41362615148922,-0.883655356603109,-1.81925243407698,-5.37408608803432,1,6,1,1
0.93290186044805,2.20445138693232,0.532277880529072,-1.21039481107957,1,6,1,1
2.5073682806906,-3.46274880521053,0.375458479379114,-2.0507902374323,1,6,1,1
1.4120106726217,1.50539030503335,0.923548988755297,-2.33123245928257,1,6,1,1
2.54546019313683,-0.858093178751432,-0.453672739717239,-4.38044289037761,1,6,1,1
-0.972479451066978,-0.29814532340331,0.435764677408296,-4.40551983679229,1,6,1,1
0.706979032366454,1.34115940004325,0.619337491797988,-4.58286422016566,1,6,1,1
0.79443946633416,-0.540558199765868,0.480665102955652,-3.45213022840262,1,6,1,1
1.44719994865527,0.446156180387796,-0.593476943188941,-4.99921943475167,1,6,1,1
3.47218813559751,-2.11349778221237,2.17734827047285,-3.83641976159233,0,6,0,1
-0.123786374634842,2.15052936100001,0.7550525423238,-2.96973490446318,1,6,1,1
2.79049366699455,-0.41939144654849,2.56232611197998,-4.05456451366196,0,6,0,1
2.7766219763752,0.38252698708086,0.566030422532269,-6.36331315873759,1,6,1,1
-0.597191591528742,0.57393219569304,1.64289408181022,-2.11302607581598,1,6,1,1
-0.324146175062796,-0.12114579128914,-0.0166452958922232,-5.71440494054088,1,6,1,1
1.79604056982658,-0.0638505370472431,-0.513080370421613,-1.24152472368653,1,6,1,1
0.83860010898055,1.56561249504131,-0.163811706373075,-1.66746077697814,1,6,1,0
-1.18828510643264,3.45834445645526,0.65318775651493,-4.22616532845247,1,6,1,0
-2.23756702929556,0.210784890408803,1.60103588560565,-2.83552596317315,1,6,1,0
1.2593595657122,2.12711871148448,3.88551819570106,-1.39938449356565,0,6,0,0
-0.315455435239174,0.0139970983239321,2.52555870350571,-1.65411663896041,0,6,0,0
0.724169948027161,1.45123096486022,3.26545351745698,-2.58733313427042,0,6,0,0
0.664621718333056,-0.904914467827969,0.604490466936096,-4.17329687686446,1,6,1,0
-0.933307303183772,0.97416142889649,0.878961244762742,-2.84326441145665,1,6,1,0
2.11633848645129,1.75099762088712,-1.05320200925708,-4.77217412107419,1,6,1,0
0.168927001365965,2.42104227168097,2.61814584895515,-3.48198861442002,0,6,0,0
-0.99344978056332,2.92153463094869,-2.98313121152963,-3.17747256235205,0,7,0,1
-1.09238563609307,5.07632042858681,-3.48263950622668,-1.34694310365713,0,7,0,1
-1.12023853309524,1.23706619813218,-2.48984457907558,-1.30709746395164,0,7,0,1
-1.11445652209154,1.86367206458263,-1.25896525293051,-2.03201831071544,0,7,0,1
-0.201651333692463,3.01863434440295,-2.38044597855547,-0.446340764312938,0,7,0,1
0.191072307396581,0.954040784369061,-1.8584679564335,-1.4568887508576,0,7,0,1
-1.12416165779694,2.48738914280996,-1.9756636852062,-2.85927524584673,0,7,0,1
-1.40663057242745,3.2135297708367,-0.662581870235882,-1.90668839389953,0,7,0,1
-0.61975094546755,0.500241010605108,-3.52229620553455,-1.64682849496268,0,7,0,1
-1.19841569678058,2.32935947067673,-1.27153547097105,-2.62539503175636,0,7,0,1
-1.43804748642716,3.7341435801835,-4.06822581055474,-2.15029164730537,0,7,0,1
-0.923745608765154,2.9402921846676,-1.95259564177371,-3.80835034390711,0,7,0,1
-0.223381418498377,-0.0203528571616483,-1.74638803889386,-2.67390777298486,0,7,0,1
0.331429382720149,2.40796708716609,-2.05872870646451,-1.59181068332045,0,7,0,1
-0.514715181823567,1.62723913023079,-2.62703966115745,-3.4736497767198,0,7,0,1
-2.40155855572331,1.01439574988845,-0.135726835726254,-3.140285706678,0,7,0,1
-1.3634293533333,1.81180278419804,0.141922756117047,-2.0823318003606,0,7,0,1
-0.798340750110999,3.47077202924686,-2.0516598863625,-1.7414894862099,0,7,0,1
-1.81977689378695,2.41559904929624,-3.89500743580353,0.78115430533572,0,7,0,1
-1.84814962782251,-0.404332134620647,-2.6699174366834,-1.31787051904851,1,7,1,1
-2.38700946097689,1.16963463859918,-2.07665494215141,-0.0969226849875775,0,7,0,1
-0.907605103250965,1.43975684035432,-2.75770506747344,-1.93218779531967,0,7,0,1
-2.77861515547771,-0.0254776950213236,-2.09986893770296,-2.04502597771754,1,7,1,1
-0.978230228830907,1.84580820584682,-2.2473824035303,-2.04374101248848,0,7,0,0
-0.751314292259851,2.34984587262637,-1.22332583126646,-3.33913203435066,0,7,0,0
0.815630613328773,2.25251863747378,-2.86550691353316,-2.34444192580382,0,7,0,0
-0.219459282636955,2.00933196199912,-2.29417973263979,-1.03963789408972,0,7,0,0
-0.479790036000832,0.319527653323335,-1.99766810326097,-1.64683083811263,0,7,0,0
-1.91761697634975,3.36761459525998,-3.20732386582688,-1.15892771970465,0,7,0,0
-1.21668782106253,3.55508545317625,-4.94704086390769,-3.41756696385193,0,7,0,0
-0.0285431568964567,2.1413745880625,-2.73057922811938,-2.41022240648547,0,7,0,0
-1.65658471012355,2.44565731047029,-1.60988029029577,-2.22258197774267,0,7,0,0
-1.39751190344515,1.36395323401468,-2.08268626219424,-1.53111391909978,0,7,0,0
-0.938115516464449,2.46221276113318,-0.0442093291293133,-2.47499599139079,0,8,0,1
-1.36991301961772,2.86863375075227,-1.08651517333483,0.461522727988778,0,8,0,1
-1.54350538690292,4.10798207093023,-2.56694893709049,-1.3314311346348,0,8,0,1
-0.05460207726371,2.92118879634284,-3.11233045680809,-1.80582200669462,0,8,0,1
-2.39448240255989,2.53349039086391,-2.04286561778619,-1.76008420205832,0,8,0,1
-0.315863043449156,2.86725453409639,-0.557109931304641,-2.34024852733785,0,8,0,1
0.371980721791811,1.97321597667342,-2.72571167175019,-1.48290466204987,0,8,0,1
-0.870044356519365,1.81450540880605,-2.50018398019591,-1.30854491325994,0,8,0,1
-2.87244109278117,2.11722938131494,-2.92282151391562,-1.33026645427044,0,8,0,1
-1.56855939935004,0.62823880399275,-0.571867756951467,-2.72691440507425,0,8,0,1
0.131223158906508,4.18709040535068,-1.04774463397239,-1.03102322624299,0,8,0,1
-1.97261879469926,1.91131471234708,-2.52263706935022,-1.62955154507342,0,8,0,1
-0.600528427216635,2.84013720268277,-0.223355886040309,-2.9053147204839,0,8,0,1
-2.69423527153052,1.61062157400381,-1.98845229974305,-1.30093002211418,0,8,0,1
-0.673951749623543,2.68965561137017,-1.29941255390428,0.560605765641651,0,8,0,1
-0.16663765012156,3.12032069406987,-2.55592535745347,-1.45073298564517,0,8,0,1
-0.874274137800044,2.57994298694483,-2.16586279423313,-1.64881324928261,0,8,0,1
-1.16477526505867,3.44009756811017,-0.908785845801838,-1.66117764269026,0,8,0,1
-1.80179507803955,1.09869925030161,-2.21555291606883,-1.7127600279181,0,8,0,1
-0.535614625514865,1.18883448594278,-1.00160403104832,-3.83725127868941,0,8,0,1
-0.712151215420213,2.03054803215706,-2.27799947047123,-4.64240414212568,0,8,0,1
-1.01526418649416,2.13914038091567,-2.26770488746467,-1.24343420442681,0,8,0,1
-1.07984314202774,1.96109384853733,-3.37244548100971,-2.94344074314997,0,8,0,1
0.360234509465634,-0.383531307450125,-1.11496455279651,-1.98793514273192,0,8,0,0
0.182426669790011,2.00934712253064,-1.69847104084327,-1.3187957756527,0,8,0,0
0.118240797314761,3.40268572122125,-2.6484728673002,-4.2092830392817,0,8,0,0
-3.40782003083409,1.70704402917624,-2.4017595961837,-0.803144718547131,0,8,0,0
-2.41720082727935,3.28136560607024,-0.0855781535383744,-2.17196726449991,0,8,0,0
-1.3439171018508,0.776808231723562,-3.22468451528988,-2.37865944791832,0,8,0,0
-0.338878189835229,3.68150491199843,-1.64916399274265,-0.763881645903581,0,8,0,0
-0.464832368048247,5.01013219848359,-3.02045853090027,-1.90721113302714,0,8,0,0
-1.61866366029054,4.76935838004338,-0.16297047836583,-2.44350715916994,0,8,0,0
-1.81889291277445,1.77553285118385,-0.97623706215177,-2.28546056527792,0,8,0,0
1.57231727983153,0.446876665553589,1.49157599202442,-4.25320145468701,1,9,1,1
0.720048890790733,2.11194645135764,-2.12570224459047,-3.13868332688779,1,9,1,1
0.91657707730836,2.30347337892543,3.01362983044176,-2.99940854881853,0,9,0,1
1.97197506179076,0.188731556457042,1.94387558074631,-2.17213127450975,0,9,0,1
2.31821483331273,1.86148883509644,1.44420358896047,-1.41961800786621,0,9,0,1
2.54888629103817,-0.955272223986693,3.55038737275141,-2.31015738170982,0,9,0,1
3.77792065215154,-1.93706122270162,1.81495593247627,-3.23684863469888,0,9,0,1
-0.0691146959984605,0.498384887142051,1.16491527710132,-1.25531287401959,1,9,1,1
1.46269082933461,-1.39440076234423,-0.515202306363342,-1.47650837674768,1,9,1,1
2.07942073746041,1.84563733929987,1.12322477314815,-0.101724506868338,0,9,0,1
-0.0744784664208262,-2.93476428597352,-0.380811491095235,-4.60250861820656,1,9,1,1
-0.101725070888433,-2.89411250841835,0.702812691535132,-4.00216705368061,1,9,1,1
-1.83571096573419,0.71388596775385,0.71149939787808,-4.95878682810205,1,9,1,1
3.17972343173522,-1.64739831497576,-0.231487209736405,-2.33663724863176,1,9,1,1
0.969605108530202,1.23662448131716,0.438753518045638,-2.43749955545316,1,9,1,1
2.08976462531003,1.4017721183551,1.13612020167674,-4.4939343993763,1,9,1,1
0.86279317392919,0.52461654180822,-1.2685897268413,-4.11547072605002,1,9,1,1
-0.0961981704131682,-1.43027814141757,1.18083298886909,-1.59212401244458,1,9,1,1
0.885719771304848,-0.343805346678563,-0.716847357328408,-2.23376322308994,1,9,1,1
-0.24706717695296,0.717421786312196,3.79654084583201,-2.74923418345963,0,9,0,1
-2.6150422805876,-0.133241034873106,1.81682856582864,-1.74876874317969,1,9,1,1
-0.99179269431823,-2.49286092325691,0.745147154436784,-2.95772790213957,1,9,1,1
2.84511792774919,-0.115444640754817,-0.191155876278914,-2.28745238520316,1,9,1,1
1.26560537949302,1.58147539864318,-0.0723514520288475,-3.86310553118735,1,9,1,1
1.51396123079078,-1.39101360542996,1.21947220965056,-3.78681912335309,1,9,1,1
0.214924421889936,-0.985067153464091,3.94691725742196,-2.06466183935005,0,9,0,1
-1.13444374772782,-0.12847486356019,1.62176963662126,-2.39437322604594,1,9,1,1
1.30579199955796,0.430993328344633,1.78167411175875,-2.59418370525579,1,9,1,1
0.483313716440279,2.56693811964432,-0.490331523740702,-4.38970520393812,1,9,1,1
2.59705087788316,0.106121485482457,1.84637816650067,-1.47545257877306,0,9,0,0
2.41129870136118,1.95142402585965,0.416708542278747,-2.9411477002164,1,9,1,0
0.368687914227777,0.268932910439424,-1.90957226758114,-1.43435717561486,1,9,1,0
1.37042106625124,2.77042814873726,2.18254578653743,-5.4703849661741,1,9,1,0
2.17688136507177,0.387253571836337,-0.414684233733071,-4.68472970877029,1,9,1,0
-0.206326509136535,0.94421475659933,-0.000152196142413352,-4.02658873812841,1,9,1,0
0.725609123930427,0.0829340420324144,2.10939019243343,-3.16303717948369,1,9,1,0
2.46144011921968,-1.26027135941901,1.63908704603584,-4.05036584592032,1,9,1,0
-0.731686535718411,-2.28192480901545,2.56173530497126,-3.30968229804463,1,9,1,0
2.90681703164899,3.41476551238767,2.99307875199241,-4.58271886280569,0,9,0,0
-0.742643479533048,1.45665301532335,-2.55103700773731,-3.26678180508561,0,10,0,1
-0.846451030447332,2.54324795996202,-2.36226145337812,-1.8973004629041,0,10,0,1
-1.92439431946075,0.883881774946757,-0.701349270086108,-1.5281267503758,0,10,0,1
-0.965602449723241,2.68265780052456,-1.54028970475499,-4.05417478969434,0,10,0,1
-0.915780136558257,1.12867852462101,-1.27458100777026,-2.25870068854134,0,10,0,1
-1.12946250924795,2.24999802708561,-0.766270128570337,-4.7792673971162,0,10,0,1
0.933142195678372,1.94124451483951,-0.842858684951314,-1.24269583345566,0,10,0,1
-0.710558180077271,0.977090212778291,-2.93892527202934,-1.75377580144219,0,10,0,1
-0.128325863006845,2.32091585565712,-1.96810080572672,-2.18054141433968,0,10,0,1
-1.06821863897528,1.87026147547694,-3.42070860123019,-1.25493731867402,0,10,0,1
-1.52324191267523,2.40597891701373,-3.05183895620104,-1.997833131188,0,10,0,1
-2.15034679351076,1.19711172540202,-3.33395249204914,-4.28895860383371,0,10,0,1
-3.97791853516556,3.31460202540866,-1.89944063330747,-3.44968739853213,0,10,0,1
-2.13351775788707,0.136645235548322,-1.87827990619221,-0.840277545033795,0,10,0,1
-0.67969162316279,1.86515298923996,-1.78730281568928,-1.19576978400201,0,10,0,1
0.473896494638205,1.7054038427503,-3.24470162870908,-3.25064612229455,0,10,0,1
-2.68650753088355,3.53003755809538,-1.87963785873547,-2.41618814372601,0,10,0,1
-0.606138567225646,2.18132427007412,-0.306411839370456,-3.32659449294037,0,10,0,1
-1.97845632254721,2.53316749276361,-2.59867245504712,-0.928575300435647,0,10,0,1
-1.34063534222586,1.79253105638634,-1.95649192171682,-1.60472305407858,0,10,0,1
-1.59246176023148,2.05998132529461,-1.76476647372591,-3.80634767142411,0,10,0,1
-0.825342923019628,1.49599880457528,-1.12957274122489,-2.4204386063248,0,10,0,1
0.197060686369513,2.78501282042291,-2.38226149987552,-1.03632567847555,0,10,0,1
-0.577146756473723,3.52200912089048,-3.70599113885128,-1.0914325862962,0,10,0,1
-1.22985429277812,2.99158436020642,-1.34421050478466,-3.185627787238,0,10,0,1
-1.48903128488879,2.35159009332743,0.34663077959577,-1.38959827073817,0,10,0,0
-0.794018929494729,0.255568367610137,-2.81602477659793,-1.47310766564628,0,10,0,0
-0.829778758656874,2.79207432177434,-2.33064704796391,-2.67814640860162,0,10,0,0
-0.406896956553236,0.777155730320737,-3.247283990586,-3.13390027489937,0,10,0,0
-0.798535577032063,3.60434931852158,-0.10290734913241,-3.1848061883226,0,10,0,0
-0.268992849585459,1.80084853279137,-0.201884054927044,-3.58063435505361,0,10,0,0
0.422221544412988,0.757132659792778,-3.00188620229804,-2.97436007976434,0,10,0,0
-2.15222466408288,1.48428966308648,-2.0277225895827,-2.40972747413459,0,10,0,0
-0.439137576315913,4.59081671251661,-2.63243512236666,-2.39533870854591,0,10,0,0
-1.47964577117097,3.14552751180332,-1.34445579813685,-1.5781432825958,0,10,0,0
-1.85207711663445,1.04552324797945,-1.48062245334559,-2.90471359955072,0,11,0,1
-0.849051168313956,2.95777378838346,-4.50577604298772,-1.74705606089487,0,11,0,1
-0.50695590173591,3.25129110854467,-2.18421385654601,0.0535443403657996,0,11,0,1
-0.667253547334254,1.56787201341305,-2.46598350742409,-2.13327968967842,0,11,0,1
-0.862479888945304,1.68399973306798,-3.4662248027434,-2.60325621973851,0,11,0,1
0.770085890936999,0.572999127174609,-2.40117794542129,-1.8322883787127,0,11,0,1
-1.47007376433296,2.46813656689471,-3.47176454350765,-2.0226710398367,0,11,0,1
-1.68277498614863,2.51275146541986,-2.11476472013884,-1.57914319631915,0,11,0,1
0.317357068076824,4.19850052963575,-2.35599965940164,-2.36376093423499,0,11,0,1
0.0882610287560435,1.43957806243762,-1.63114602663014,-1.89656513403681,0,11,0,1
-1.8846624114095,2.67722013456047,-1.30363234133534,-1.42328415281229,0,11,0,1
0.262253079617181,1.3488550569331,-0.950094369638077,-3.15510605293936,0,11,0,1
-1.75137761954191,2.19616678555628,0.212914645686623,-1.13453847729338,0,11,0,1
-0.996177351783822,0.138923670880075,-0.861146691003542,-1.83297627965685,0,11,0,1
0.0341434348656531,2.97014846177445,-2.9970750901801,-3.85461465005328,0,11,0,1
-0.625312500577939,1.69570673108951,-2.8354070135203,-2.47933198690861,0,11,0,1
-0.668243946861992,1.57908280797708,-2.00843671755832,-2.60230380259984,0,11,0,1
-2.28199921591746,2.68451692754862,-0.493360724813072,-0.966802702019864,0,11,0,1
-1.44424041128567,1.49323084349934,-2.32299772331582,-2.41647199546889,0,11,0,1
0.243948792147959,4.13654187098662,-2.25155013537003,-2.33399678774936,0,11,0,1
0.51346678499478,2.12686783757248,-4.26035455389853,-0.201917674588004,0,11,0,1
-1.92609977734654,-0.0391375750977216,-1.35391655700141,-2.35181956963393,0,11,0,1
-0.0591364018231165,2.99426962160106,-0.897818439270337,-2.7283963286032,0,11,0,1
-0.185566257962997,2.94186471331098,-3.27204186419526,-3.83942789168119,0,11,0,1
-0.791471266350216,1.89896430096146,-1.88656369628579,-1.68537318307904,0,11,0,1
-2.08475178164827,1.86840289837534,-1.35642165869649,-2.84835283925216,0,11,0,0
-1.47457036104838,1.3304384147114,-0.927953304914141,-1.55755003312227,0,11,0,0
-1.77339493869001,2.5731588531643,-2.27480198168627,-0.798710115926593,0,11,0,0
-1.30501318397126,1.2792633750716,0.164471403611894,-1.24139336252738,0,11,0,0
-2.02155770988968,2.33244704855122,-2.18999309865137,-0.312945962875792,0,11,0,0
-0.669303922896942,3.03258862190713,-1.42405112146757,-1.57527385101343,0,11,0,0
-0.199661420211352,2.96445219871678,-1.02667328488049,-2.888578631076,0,11,0,0
-1.49733792194128,0.68699607477453,-1.08701132833589,-1.99794353806398,0,11,0,0
-0.812974885485719,1.35636119968834,-0.447443906431254,-1.12992956705831,0,11,0,0
-0.220856092858933,2.29484100327619,-1.19759326334785,-3.18537567017061,0,11,0,0
-3.83555347310676,4.86911701601264,-3.2871324021025,-2.00929741379723,1,12,1,1
-0.948355007932203,2.07582031332584,-2.25093632701588,-1.79176973033096,0,12,0,1
-3.28111236737501,3.36964701999976,-2.88904995052683,-2.49875481465143,1,12,1,1
0.256753671895653,3.89224599832787,-1.01185967586252,-0.889337727071933,1,12,1,1
0.51002525520934,2.38791318228458,-2.24459235888183,-1.63304210650374,0,12,0,1
0.279880516471163,2.36221132321291,-2.92593388854117,-0.111093620216591,0,12,0,1
-1.48720303951678,2.93403904713172,-2.76432213628368,-2.28910790512971,0,12,0,1
-0.117276347068385,4.5581365702094,-3.80476324052292,-1.38422037447068,1,12,1,1
-0.270189511533674,3.86760473961949,-2.96947790918055,-0.768382211467708,1,12,1,1
-0.178803369936672,2.66510255477585,-3.50505577496342,-1.35717678476552,0,12,0,1
-1.90697559765071,3.11258645592807,-1.98632906451159,-0.781072522315552,1,12,1,1
-0.583967230111425,1.94953304137321,-1.28099288115845,2.17137458921602,1,12,1,1
0.0693027849655776,4.14930332069,-2.72899626787215,-2.86169264405211,0,12,0,1
-0.683632769451518,3.06991477697175,-3.30236784235329,-1.48551789063595,0,12,0,1
-0.671706130266428,2.13123506294294,-3.28673571131752,-0.766970195223582,0,12,0,1
-1.15361746809615,3.17808717859015,-5.45440605740157,0.850617880508717,0,12,0,1
-1.67053235313962,2.22487384965973,-2.53705385574553,-0.479584458340519,1,12,1,1
-0.70048100335814,5.02346218678334,-2.72141637539344,-0.582900536808213,1,12,1,1
-0.52636345428474,2.56034815513581,-4.75843986647502,0.716686231706595,0,12,0,1
-1.46391050201256,4.325012737602,-2.97994353508563,-1.56241562808231,1,12,1,1
-1.18239939480939,3.57716283474866,-3.58152749054804,-0.897947191083661,1,12,1,1
-1.25786551015335,1.9777401347284,-1.68407660644717,-0.81061462367298,1,12,1,0
-1.31149758501782,2.14237644517244,-1.74325690634855,1.00364457929568,1,12,1,0
-1.19313124041536,3.86506871315607,-2.94951104120107,0.0974107341374022,1,12,1,0
-1.44990369100324,3.53613768142587,-2.00917973772606,-0.73831794046424,1,12,1,0
-2.73365432406314,2.17436731085949,-0.451544872661693,-1.10341320738721,1,12,1,0
0.405828939625329,3.18163615623307,-3.71352988902155,1.25031230286478,0,12,0,0
-0.0402302601756942,3.20790369522432,-2.55346029798408,-1.82368547641143,0,12,0,0
-0.834090825544965,3.4164022491346,-2.11330946757326,-0.840838683582702,1,12,1,0
-2.44780007894001,0.962087072741798,-4.52438588891152,-0.442423209671585,0,12,0,0
-0.449565363666423,3.97042955267483,-3.86323137590747,-0.946814439411506,0,12,0,0
-0.981405981793822,2.54370268584843,-2.62405842467395,-2.04338418670494,0,13,0,1
-0.752142221738049,0.422206757654305,-2.4994724204483,-1.66114966956458,0,13,0,1
-0.236220717248641,0.961225248578469,-0.703487078519179,-1.60247673830448,0,13,0,1
-2.1713394570209,2.00070159687396,-0.966498952498597,-3.0767974703177,0,13,0,1
-2.28651968250717,0.471192518335789,-2.71040416229967,-1.79986754816507,0,13,1,1
-0.909254272956698,1.79433198211577,-1.28684289435243,-0.3187790920885,0,13,0,1
-0.529830318715838,1.67386503065611,0.664159634712191,-2.64644854022017,0,13,0,1
-2.467234496845,1.41872284557854,-3.6297522112912,-0.826765474139133,1,13,1,1
-1.28868910673513,1.68516135086084,-0.716725532883819,-2.48253330656678,0,13,0,1
-2.06349664673574,1.93499289121242,-1.18652003937619,-0.897088764799746,0,13,0,1
-0.852494360897922,3.27039141247098,-2.99627959394696,-0.652141798806131,0,13,0,1
-1.72353983534056,2.73212941336964,-1.16989480085291,-3.32256752313161,0,13,0,1
-1.12673291013696,1.77764164537665,-1.79852849821981,-2.11863628444062,0,13,0,1
-1.54099449460939,2.99704153483628,-2.0501090430055,-1.85795679676704,0,13,0,1
-0.820884569018101,2.98688300806039,-3.30054834388209,-1.29904663254688,0,13,0,1
-1.97775923158513,-0.722336550916893,-1.98791316657378,-2.1300388331794,0,13,1,1
-1.70766342343528,2.66361631495523,-0.506593495475095,0.179756504949847,0,13,0,1
-2.26238971812753,3.21559134364585,-2.94168360255548,-2.8560809212041,0,13,0,1
-1.53291642468483,1.68371214357111,-2.2824106190994,-2.67109422298128,0,13,0,1
0.762393333876476,1.83864959610569,-0.929065236600561,-1.8184824669912,0,13,0,1
0.172890775398029,2.07656881894557,-3.86063263200658,0.0620093054443105,0,13,0,1
-0.649987434193822,1.09104318819373,-2.16629174891207,-2.80501012485603,0,13,0,1
-1.98659943770029,1.54522638337775,-0.0154997597614732,-1.53441350934397,0,13,0,1
-0.445246849014943,0.631725222440816,-2.34227482710832,-1.7648858162579,0,13,0,1
-0.499244575350907,3.02144222243073,-2.79871015128803,-3.66794574165953,0,13,0,1
-1.29485544384353,2.82619277460782,-1.34122109965316,-2.25348429054652,0,13,0,1
-1.45435109764901,1.90474763219356,-1.99986627266158,-2.90559996692019,0,13,0,1
-0.267583217695839,3.46345508089575,-3.26975018269235,-3.33386065146515,0,13,0,1
-1.02706036729138,2.07129255652059,-4.33056334154803,-3.6506365881415,0,13,1,1
0.89820221285182,2.4744309103857,-2.81612190702778,-3.59014704702681,0,13,0,0
-1.41571332469245,1.9591758614956,-1.78336756872402,-1.62512242271594,0,13,0,0
-0.210456820183242,1.32501998426118,-1.50443900787788,-2.74787539122284,0,13,0,0
-0.224834801586535,2.93477651960817,-2.07861000444144,-4.36990003182873,0,13,0,0
-0.213823202123205,2.47217994276247,-2.0524692515321,-2.89918055883031,0,13,0,0
-0.75766828767611,1.43628072554144,-0.924963478966278,-2.93847885067309,0,13,0,0
-0.759843488364091,2.07141973188143,-2.3969500130594,-3.0626470478256,0,13,0,0
-1.54137714417366,2.79137208297452,-1.00363198627624,-2.9261650179945,0,13,0,0
0.560121202774195,1.28260055367438,-3.82762061167564,-1.12203553631668,0,13,0,0
-1.91420100534967,3.89179500825666,-3.42400849294439,-1.07624466033819,0,13,0,0
-0.924218510904268,2.39590758312343,-2.1099210307882,-1.61260822879773,0,14,0,1
0.065413957808006,3.40369635548871,-4.24754085404261,-1.26166814875818,0,14,0,1
-2.00251226378052,2.49785260024051,-2.92762416829971,-1.55959800469709,0,14,0,1
-0.882704845784184,1.75732418928091,-3.60824346831818,-0.20705030399133,0,14,0,1
-0.904993632436991,3.53243836207371,-5.12795099852589,-0.373064053444945,0,14,0,1
-0.806093286962335,2.26743034212483,-4.4281835601423,-1.54652516060391,0,14,0,1
-1.89103867364016,3.14350645074734,-1.94281969494947,-0.439036219472727,1,14,1,1
-1.41823685976538,1.52354984908307,-2.90995958160467,-0.917564357962322,0,14,0,1
-1.84646405720871,4.00308248469846,-1.91431430364712,-0.683972980335369,1,14,1,1
-0.543046815213534,3.75628188005872,-2.27669341893386,0.102952065150741,1,14,1,1
-0.327876497229351,4.76288122503512,-2.53322657787159,0.460412962463276,1,14,1,1
-1.26719148651837,4.22830925624887,-3.8644370749434,0.342600717546354,1,14,1,1
-1.80715317295033,2.08676918433315,-2.92347994461266,-0.247146738309372,0,14,0,1
-1.30771903141033,4.02841093433041,-2.04579955523009,-1.63838346702611,1,14,1,1
-0.32547351181972,5.71737898978568,-2.73056486002232,0.833539839348544,1,14,1,1
-1.72006046859276,3.65056005665099,-2.35348980687795,0.0728161178938012,1,14,1,1
-2.22545372172876,2.68633109043278,-3.88367577213838,0.730034743582549,1,14,1,1
-1.67171370190022,2.61899876700399,-4.86583917285414,-1.19109482660082,0,14,0,1
-2.46615098569896,2.31277046811657,-4.75204663566673,-0.686478830957678,0,14,0,1
0.662694499599988,2.73746887406918,-3.2878164242493,-1.31116809350485,0,14,0,1
-2.83222183973181,2.65620926488234,-3.76526234438193,-0.816274457361888,0,14,0,1
0.853909146621119,0.732923862255755,-1.33916539545332,-0.692801209757562,0,14,0,1
-0.742029486597364,3.32366629571029,-3.37894731886481,-1.90133644182119,0,14,0,1
-1.70002452746985,3.50822687564447,-3.55936934724534,-0.278587632486141,1,14,1,1
-2.29401323980064,2.59333815693884,-2.58437719364453,-1.94497645402845,1,14,1,1
-2.12222367146649,5.00928939665488,-2.0095403064228,-1.18321784464522,1,14,1,1
-1.49319912089301,3.18815165046758,-4.80975408272286,-0.852906766866063,0,14,0,1
-0.824633379538575,1.83759502185747,-3.88056916236163,-1.08671462495872,0,14,0,1
-1.47767316512778,3.78285135785162,-2.87223398055657,0.530328439127749,1,14,1,0
-0.176923971344167,2.97408642503559,-6.34735184497894,-1.35632077086633,0,14,0,0
-0.285403541670477,2.35551574658728,-1.64882248486754,-2.06732666171923,0,14,0,0
-2.32027185665569,3.25126338651883,-2.88836509324795,-1.67625768542931,1,14,1,0
-2.34227219671202,3.69480769869216,-2.78899919655337,-1.59336362706843,1,14,1,0
0.4874400365945,2.21092302448605,-2.83752588249648,0.676959934078012,0,14,0,0
-1.65285379868674,2.04913941962856,-1.24704886275559,-0.87643963105392,1,14,1,0
-1.06960192243544,3.63853198982831,-2.47901984776818,-2.50590207800288,1,14,1,0
-1.637527452585,5.05331754732357,-3.8067113557212,-1.36904055454227,1,14,1,0
-1.56846012627639,1.81792959795629,-3.76619427792251,-1.5258524561573,0,14,0,0
1.27135720116462,3.39570073275866,-1.66427440223219,-2.28286271517931,0,15,0,1
-0.496709363789086,1.21663751362996,-0.322195329848525,-1.38490738253554,0,15,0,1
-1.08520449899564,3.52054645939857,-1.38186632997118,-1.8547466218987,0,15,0,1
-0.792471255924011,2.00300095128155,-4.34932126279825,-1.73715504524145,1,15,0,1
-0.252060807990757,4.66153512865056,-2.99900260493731,-0.704645449239591,0,15,0,1
-1.24415722777905,1.26826321931971,-4.35235255841267,-1.29847379692608,1,15,1,1
-0.471536459046313,1.36718486972359,-2.60955241356311,-1.34379577340063,0,15,0,1
-0.666257218500567,1.35813973512239,-1.76651457017318,-2.86471255597776,0,15,0,1
-1.36128184685806,0.644418209271101,-2.33774116068899,-2.68432792003328,0,15,0,1
-1.39405939568559,2.57722786551869,-1.42133712899376,-0.485249866314754,0,15,0,1
-1.46910041491234,2.51783506588267,-4.4573119119689,-2.17287541303481,1,15,0,1
-2.06470946947989,2.2849570398588,-2.57586432549332,-0.816366809342116,0,15,0,1
-2.09219055790676,2.7440135616211,-0.445256509593688,-1.76012864532634,0,15,0,1
-1.28050047403723,1.40944414188308,-2.06161739824405,-2.27158334249433,0,15,0,1
-0.328504328766799,2.48206750979088,-2.92209435479093,-1.58215945420425,0,15,0,1
-1.90699905769936,2.22228304803866,-0.847782785335835,-1.02565643169478,0,15,0,1
-0.907859984289166,2.42091469733563,-0.50478580978114,-4.68124462775177,0,15,0,1
-1.2193155658419,1.18089561632627,-2.89209013182499,-3.30558310729527,0,15,0,1
-1.31237181576466,2.39965744844487,-2.4263131625592,-1.8655375540778,0,15,0,1
-1.16923770716654,2.79031094870723,-2.57888013376966,-3.56418482650134,0,15,0,1
-0.628132644468127,2.14310486624253,-0.958223846615063,-0.321550395515353,0,15,0,1
-0.53172234918124,1.73169348952773,-1.97932789911219,-3.12009706595123,0,15,0,1
0.520248137082833,3.29411233683958,-2.20868419810003,-2.45721175111529,0,15,0,1
-1.73530395058107,4.56904162225385,-3.38979493845329,-2.07650486677677,0,15,0,1
-1.98507030781244,1.69093928102657,-3.69333561363292,-2.48920091288879,1,15,1,1
-1.83978795319633,3.13500764406515,-0.705933856795075,-2.17265678058986,0,15,0,1
-0.837738340342037,1.98289985524719,-2.91651250924995,-1.56540130298711,0,15,0,1
-0.571500015904278,1.920764522656,-4.70733220840915,-2.12820423219232,1,15,0,0
-0.850183691615041,2.55591046536777,-2.53918917663967,-1.99484209961912,0,15,0,0
-1.30533652918333,3.96462225862406,-2.60326931131133,-0.011485171978971,0,15,0,0
-2.28000163342336,1.36956481777471,-2.86751317489335,-1.44100026704643,1,15,0,0
0.269163010237728,2.52188212404473,-1.33359999863827,-0.992712958042439,0,15,0,0
-0.258537780063589,0.292458072931766,-0.553380230617016,-1.69489284777328,0,15,0,0
-1.29603873159455,1.70870531008,-3.09478824552846,-1.22622298300446,0,15,0,0
-1.00128865042964,1.1533556288385,-2.31650910935092,-1.58900279968386,0,15,0,0
-0.966431960365378,2.06239775412341,-2.02496588536993,-2.5163349468802,0,15,0,0
-0.548318546417759,1.17148516226448,-1.50474316856792,-2.72194853049227,0,15,0,0
-2.12115240393851,3.80255917611893,-3.35055562916251,-0.513386279619993,1,16,1,1
0.102387589021158,3.02526997233198,-2.64568682290603,-1.84853244927034,1,16,1,1
-2.22614052314343,3.07786753379247,-1.54918982501774,-0.897241539287049,1,16,1,1
-0.997351481394511,1.76469126013107,-2.43353927825538,-1.1216133613054,1,16,1,1
-1.67816300678597,2.23523065039454,-3.80841461857958,0.655678600284175,1,16,1,1
-1.20009559875559,3.79790194700574,-4.27951731127252,-1.41004293117432,1,16,1,1
-0.117713183258753,4.25215533673028,-3.5789553970568,-2.31684831272314,1,16,1,1
-1.10817073175333,4.37027303689844,-2.3546968403985,0.442014288378766,1,16,1,1
-1.79926475610413,3.53766827241402,-3.43938821047479,-1.06572454875848,1,16,1,1
-1.07672834682987,4.15445349114336,-3.4133960345254,0.330071323607331,1,16,1,1
-0.854641219282047,3.53818243315298,-2.57110097695042,-1.45025790511475,1,16,1,1
-0.980188828819474,2.39029124544221,-1.2995622400858,-1.09010239232963,1,16,1,1
-1.71432641130582,1.12934601936159,-3.86961320320719,-2.0286052444281,0,16,0,1
-1.87217512545451,3.02240383688488,-4.10155428044005,-0.762312633223771,1,16,1,1
-0.550623456067343,2.37191944500122,-6.10140816566616,-1.70578661199434,0,16,0,1
-0.67450073322396,1.50039911623762,-2.06747498868509,-1.82470373267413,0,16,0,1
0.501060855736137,1.65326374074519,-2.98139376738766,-0.419852925153012,0,16,0,1
-0.325318904902327,2.06064791502388,-2.34670292566443,-1.89671527693497,0,16,0,1
-1.16355206675073,3.79282038097881,-3.37580179137251,-1.51600829617201,1,16,1,1
-0.205314117726343,2.36012259661579,-4.36348553044633,-0.552011396928005,0,16,0,1
-0.294860517478817,4.98260440762757,-3.41049081258143,-0.243717450582679,1,16,1,1
-0.803949191206537,1.79523286611223,-1.74123295806058,-2.14549920293589,1,16,1,1
-0.435980641073709,1.97905342554193,-4.37594928265229,-1.34786437616261,0,16,0,1
-1.46719867075192,3.76892143584262,-2.1897282039327,-1.73627229464331,1,16,1,0
0.641554355937267,3.49061112581383,-3.70280682156548,-1.46393381956849,0,16,0,0
-1.09532145940128,4.1664075167232,-2.30722210350639,-1.66041733797865,1,16,1,0
-1.547831637762,2.80916241633039,-2.20673866581374,1.46029824661153,1,16,1,0
-0.700703458268705,3.4459372745821,-1.66303335454153,-1.37260842378417,1,16,1,0
-1.30370770893759,2.51544270985619,-3.46066392018958,-0.763780064584306,1,16,1,0
-1.81410352624851,2.46383417789866,-4.36967499218128,-0.355217312974286,1,16,1,0
1.33407675509253,2.55858024413214,-0.507383455582253,-1.77303883572191,1,16,1,0
-1.62778543585079,2.22331388221,-3.67690781619499,-2.11356448949391,0,16,0,0
-1.95454347334612,1.09161499827912,-2.71414132559062,-1.60316721560471,0,16,0,0
-1.05742583385518,1.89861531833227,-3.95010496883632,-2.26807284813719,1,17,1,1
-0.901053373221533,1.4088562294691,-2.41917996569577,-2.12105014786132,0,17,0,1
-0.271039163226671,2.11386013597274,-1.76296770709945,-2.00638584094468,0,17,0,1
0.160717529020709,2.76840085857254,-2.61712950750773,-1.33919371107671,0,17,0,1
-1.13585506012004,2.04981111896908,-0.782634320097713,-1.61724150346179,0,17,0,1
-2.92430484006755,0.733767232984708,-1.23354011441052,-1.71433858931462,1,17,1,1
-1.04695352429651,2.10976890031129,-1.81959822971995,0.227837285879961,0,17,0,1
-1.56345099295729,1.35272406519908,-3.559838539886,-3.14114101390405,1,17,1,1
-0.0747540061868883,2.10149201650296,-1.80676902060828,-0.31882577215737,0,17,0,1
0.211682398375752,1.97140290754114,-2.00998702642992,-0.319092524517282,0,17,0,1
-0.400331764623373,3.47766721492979,-4.51951594505038,-2.03230111952207,1,17,1,1
1.31876001279089,1.07653149442088,-2.73816584650384,-2.89685562361127,0,17,0,1
-0.991440949401201,0.817693948603986,-2.66196900261222,-2.34131446984743,1,17,1,1
-0.403290221085177,1.9712084498158,-2.30917247747805,-2.92898865383532,0,17,0,1
-0.412164075103587,2.3468176449918,-1.9270850030632,-2.13320113542946,0,17,0,1
-1.93076154080434,1.81856338808792,-0.201171106494896,-3.03758766630739,0,17,0,1
-0.805833150871634,1.39566933919569,-1.77946237144306,-1.93742927525339,0,17,0,1
-0.882713655793403,0.132693594875462,-2.640530126645,-1.96225048129062,1,17,1,1
-2.34797799061005,3.48497163685941,-0.931890341124474,0.000480546662852799,0,17,0,1
-2.02422546589794,2.01318486949563,-1.3054637582962,-2.07533899905794,0,17,0,1
-2.33653566378693,2.21667475609284,-1.61689910941018,-2.5538750581122,0,17,0,1
-1.23209197058562,1.28146793286658,0.0946788315257359,-2.09055150686868,0,17,0,1
-1.03006238573352,0.572843141656037,-2.81525727310067,-2.2498618625064,1,17,1,1
-2.86447616753524,1.81564916010818,-2.14136200714167,-2.31530418937321,1,17,1,0
-0.890366469236585,2.12756910283014,-1.51419185975371,-1.34258024620015,0,17,0,0
-1.11128444072566,1.03326281195773,-1.43303754857978,-2.19158351727195,0,17,0,0
1.2678910823507,1.36729332186953,-3.09802755555364,-0.780662216373638,0,17,0,0
0.0287898622800027,2.47585457719372,-3.26320554921457,-0.350311601971515,0,17,0,0
-1.6612165282578,1.69753540422817,-2.64326783343178,-3.13068495106996,1,17,1,0
-0.842769467256093,3.36111481365587,-2.27868139310314,-0.920329821585939,0,17,0,0
-0.57202615908954,1.13532981988094,-2.01016447490457,-3.51925178171106,0,17,0,0
-0.941153938277471,2.55305704354509,-0.761501642950111,-0.299363272991428,0,17,0,0
1.29075950526522,1.13671630002748,-2.48140810472139,-0.999725300281729,0,17,0,0
-0.980988613193924,1.38594507965606,-2.37729059954534,-2.17205507186804,0,18,0,1
-0.571993847345847,1.85331068158046,-2.34061465519003,-2.82161069153995,0,18,0,1
0.400991194746971,0.922086044371482,-0.965638002938261,-2.73798580282128,0,18,0,1
1.29334431129921,1.62837269407599,-2.6785198730559,-1.49861544696036,0,18,0,1
-1.1371491043591,1.5522721598646,-2.11854384699683,-3.26378130132586,0,18,0,1
-1.37156502936645,0.390769400954223,-2.60389515719015,-1.70781799700877,1,18,1,1
-0.687886430188462,3.10604154214669,0.874928097532147,-3.30985133197983,0,18,0,1
-1.02310238165462,2.41412752618928,-3.39731485397243,-2.5037604817346,0,18,0,1
-0.874367195133905,1.97642391379603,-0.762876757762321,-2.11325405755641,0,18,0,1
-0.935573219692805,2.33627972621345,-1.49969509207458,-3.04382503451608,0,18,0,1
-0.397171325883987,3.13055067145466,0.192328197084642,-1.42806181196891,0,18,0,1
-1.38905692911442,3.45119633932841,-1.63539469496344,-6.17606168991844,0,18,0,1
-1.77753409994301,0.396260358491539,-2.5488167808169,-3.64164171931025,1,18,1,1
0.291731151566908,2.34278933495794,0.705765840400523,-1.80047470288947,0,18,0,1
-2.73900449985727,2.3441921437469,-0.993501895387877,-2.28475695059903,0,18,0,1
-0.381693854437526,2.46460289577073,-1.49653068744899,-2.68313519207619,0,18,0,1
0.606859414072895,2.16139085558377,-3.80586187400256,-2.14160504217357,0,18,0,1
-0.867601545625761,2.23748856632119,-1.38463248414825,-1.24824304990845,0,18,0,1
-0.312421978389483,1.64408988942356,-0.0197163908562163,-2.59847723384166,0,18,0,1
-1.91127763131062,0.977957161539547,-2.60017376728723,-1.68853058663702,1,18,1,1
-0.453508705581849,2.95753764357361,-2.01640768656312,-2.58689905670653,0,18,0,1
-2.03124212530119,2.69186138161106,-1.85026762392875,-2.60117163287755,0,18,0,1
-0.491402347110855,2.64177082839807,-3.51622294935393,-1.571702842969,0,18,0,0
0.504017866028311,1.67729459778457,-1.85806832082781,-1.27022499088812,0,18,0,0
-0.950626593728476,3.6436194031931,-1.34955696693804,-0.559175447931506,0,18,0,0
-1.15631851880967,2.14216855341835,-1.43713218280353,-1.40223551164784,0,18,0,0
-1.15140421742677,1.907216904929,0.0827194206055761,-2.0127470820716,0,18,0,0
-0.453739063110989,2.83412942448192,-1.69249900847419,-1.16016862241376,0,18,0,0
-0.16941675980464,3.79619995018215,-2.93497919868269,-2.89165266187357,0,18,0,0
-0.715085581024493,1.65495077671937,-3.63571141521923,-1.21471743992557,1,18,0,0
-2.06914129754398,2.78251737835101,-0.799099422262188,-1.04483224303374,0,18,0,0
-1.34128340939106,3.58721586141272,-1.66245619973397,-1.64914576661803,0,18,0,0
-1.69290014403613,2.07444553470183,-1.61823900321844,-3.57761767427681,0,19,0,1
-2.22964089964336,2.46944051664603,-3.77316182664472,0.414497694440756,0,19,0,1
-1.5864586047092,2.66363599120944,-2.2388945136274,-1.52929411299249,0,19,0,1
-0.993951946169923,1.53289908290376,-2.77662199566683,-2.02585283747776,0,19,0,1
-1.43631658289902,1.65312798272968,-2.69834895668053,-1.34549414639604,0,19,0,1
-1.64214075923743,2.24252905392879,-0.898802396077214,-1.39027969273045,0,19,0,1
-1.38160196897841,3.60630708970898,-2.05189541394789,-2.36015582134022,0,19,0,1
0.357322651301193,1.18166896013747,-0.427130545558892,-1.06084370024938,0,19,0,1
-3.34896313220794,3.37764327290305,-1.82455308719239,-2.85463805963821,0,19,0,1
-2.33965390052502,2.69923367523747,-1.44896115510567,-1.99207443575311,0,19,0,1
-2.17676955595076,2.6947570773464,-1.76211739580564,-1.56765241031604,0,19,0,1
-3.65133896857975,1.51665980154641,-0.891917786700862,-1.66195931290079,0,19,0,1
-3.63998259419024,1.20460618538981,-2.52279390964735,-1.91877004701866,0,19,1,1
0.0529949049509357,1.07405326478796,-2.66275076296601,-3.23611529185112,0,19,0,1
-0.127843102479003,2.4520076764184,-2.74878858700016,-0.942498180413117,0,19,0,1
-0.737688338628438,2.22200364224297,-2.23387092175849,-2.38975786607062,0,19,0,1
-0.365916622851976,2.51624216258303,-2.27002017570544,-2.2725336450121,0,19,0,1
0.900156811446301,1.90141660517341,-1.73166974704079,-1.97751057379148,0,19,0,1
-0.576845692377628,1.7268565029615,-3.48412065944103,-3.38447767589092,0,19,0,1
0.200766044017792,1.45591708723658,-1.53737378736398,-2.50213453981407,0,19,0,1
0.648235019951356,1.79764785164687,-0.314001075263055,-1.24547785339627,0,19,0,1
-0.180831768322239,1.3394854958635,-0.183603836384206,-0.945419721232284,0,19,0,1
-1.43237549756273,3.43165280012295,-1.97333067479717,-2.68872659042778,0,19,0,1
-1.77648283446231,3.70049801712251,-0.646620995005227,-0.965088132628184,0,19,0,1
-1.41380871669113,2.66291361956304,-2.73725482611287,-2.24619352068857,0,19,0,1
-0.524207251987169,1.51933103421041,-1.35563849953967,-1.49401084910756,0,19,0,1
-0.808182102456723,1.62503498792848,-1.63245725548305,-2.67301714559133,0,19,0,0
-2.76097958783411,2.19113903150333,-1.54933184848412,-2.06944128250766,0,19,0,0
-1.97243732107955,1.71451119480141,-2.86481242321468,-3.00477892295857,0,19,0,0
-1.07044929908364,2.60225005417035,-1.51819145521163,0.157301190207335,0,19,0,0
-1.44734916802236,0.940222455704093,-0.476034459393773,-0.522579269511843,0,19,0,0
-0.288203929177834,3.01880241768314,-1.4609295605517,0.102057875097135,0,19,0,0
-1.21576342322546,2.973798126442,-1.49246187627668,-1.34261870417841,0,19,0,0
0.376481086855573,2.44778819103407,-1.8894150089387,-2.39034428547494,0,19,0,0
-1.84967438063036,1.01234742506528,-0.281807907555608,-3.41639903298258,0,19,0,0
-2.96133310882198,2.99597528903336,-1.95320689020225,-3.10655108044045,0,19,0,0
-0.970945304873056,1.0080164435604,-1.0461285386285,-0.580878901378955,0,20,0,1
-0.529941139616316,1.35542679877915,-2.79269940384245,-2.57717126257414,1,20,0,1
-2.07290984102341,2.52560817620643,-4.11191765333487,-2.34038690659163,1,20,1,1
0.550894371512979,4.03120054240416,-1.13038178511149,-1.88400807688834,0,20,0,1
-0.153894014952126,2.66321664912044,-2.97217278294232,-2.02651302771093,0,20,0,1
-1.13864383771383,3.16282630558349,0.383375808550328,-0.950730037606353,0,20,0,1
-1.95548289076275,0.911272592486846,-3.53499475618887,-2.55614801393421,1,20,1,1
-2.07020486189221,2.8526151013076,-1.02491654182933,-2.37018656744389,0,20,0,1
-1.38815476384798,2.9837462426661,-1.07199760394958,-2.87606102627718,0,20,0,1
1.04669782324968,0.844827409019112,-2.39707799305836,-1.7194636958194,0,20,0,1
-0.362376127862185,2.7775715604208,-2.48583013606932,-0.110082452191045,0,20,0,1
-1.06887598406709,2.87214070103154,-1.86385208442905,-2.46805911111358,0,20,0,1
-0.595553151892917,2.28831999520269,-2.24426503225182,-3.63191374206433,0,20,0,1
-2.13013140218508,1.46191238117484,0.714697895167735,-1.94575559808297,0,20,0,1
-0.812665952541316,2.70349342508144,-2.46994735582253,-2.32919506026685,0,20,0,1
-1.08474913310593,1.49457738524858,-2.18330733405788,-2.75552725177598,0,20,0,1
-2.53876823292408,1.51168658697674,-3.38685701520634,0.398813079114135,1,20,1,1
-2.92730628610286,1.40699547018524,-2.29454137981219,-3.69080385164493,1,20,1,1
0.206233352130508,2.0097932431407,-2.98320135859114,-1.51191993804904,0,20,0,1
-0.86566361277543,3.67520451559299,-1.01195307947485,-1.49303272233992,0,20,0,1
-0.130749331101785,1.53203834719701,-3.1198100911065,-3.84296166238607,1,20,0,1
-1.54306690192792,1.44512461230812,-2.82035915048338,-0.568098737071397,1,20,1,1
-2.19329234006559,3.18198289134781,-0.194740343337049,-2.25429475423642,0,20,0,1
0.0897979170884273,0.55336255709632,-0.801831771479661,-2.09549675726665,0,20,0,1
-0.321663176047734,2.66498670379602,-2.80825270374118,-1.27060022980535,0,20,0,0
-1.56816496183298,2.50267205437416,-0.62036062536993,-4.98142295153479,0,20,0,0
-1.8401606025503,0.161023648179515,-1.9615734556114,-0.92034679996469,1,20,1,0
-1.5802019188059,2.6533920257287,-1.30580264914234,-0.912327567411042,0,20,0,0
0.261336297838022,3.4248397577335,-2.2283189196277,-3.62051936660629,0,20,0,0
-1.09140571016995,2.01982976122846,-1.53803349314834,-3.20433643754114,0,20,0,0
-0.935518474993526,2.28715930432927,-1.16827104877812,-2.67573808470004,0,20,0,0
-0.7524485501794,3.24609409481908,-3.11701440858558,-1.03359889970744,0,20,0,0
-0.964131580818,1.709193821601,0.123841205072799,-0.873381395681962,0,20,0,0
-0.882017808918316,1.84500822816815,-0.947049877929164,-1.05907869582236,0,20,0,0
-0.692651373442157,1.03066381393633,-1.1253307244407,-1.80144091778089,0,21,0,1
-1.8896498302404,1.22142832278871,-1.85907878424878,-4.85744428748447,0,21,0,1
-1.7048263467281,3.7094862157848,-3.30075609409039,-1.80510888741728,0,21,0,1
-2.41656739731879,3.16178607723009,-2.67089072164517,-3.89805256112462,0,21,0,1
-0.668424488023753,1.16087670738438,-2.51337904204579,-1.06370786328656,0,21,0,1
-1.20931076110108,1.01400887478013,-1.34288026332935,-3.12769748012571,0,21,0,1
-0.371817756619931,3.08398218472054,-2.44327809909943,-2.20944001885321,0,21,0,1
0.450562456542098,2.60102292669841,-2.6566644181548,-2.6329713218002,0,21,0,1
-1.09815385734512,2.30886861370719,-2.68547999718488,-2.37754604983064,0,21,0,1
-0.162323293831591,2.34890766484686,-2.01456936527829,-2.5913587458762,0,21,0,1
-0.367930669708396,1.73208296871181,-1.67227505616236,-2.82593556745023,0,21,0,1
-1.1107517786195,1.51201838053152,-3.18368826595351,-2.03925954611228,0,21,0,1
-0.405707048831682,1.88239014770833,-0.308121329384576,-3.01138858770397,0,21,0,1
-1.7481752999703,2.20255808248963,-2.1974047365736,-1.81021695874592,0,21,0,1
-1.2428954713791,1.71303022073547,-1.33350289865618,-2.26096334811685,0,21,0,1
0.453607770957226,2.54273237718447,-2.53409617228523,-1.05634028225947,0,21,0,1
-0.3950342650199,2.21203022622064,0.0311813983283882,-3.40403545113178,0,21,0,1
-1.65984484152232,1.9470435250691,-0.608451224193551,-2.30136967241448,0,21,0,1
-0.519382007833416,3.00780794016248,-2.10335523253844,-3.57612261548082,0,21,0,1
-0.155612382644625,1.06658523523999,-1.81553363850361,-1.54723564803115,0,21,0,1
-0.934542511288089,1.85033205318555,-2.41694195154385,-3.69525953852923,0,21,0,1
-1.6704363673652,0.734413964011126,-1.87601899098494,-1.35908329674713,0,21,0,1
0.248952385810137,1.14082579074871,-1.99933096936617,-0.700893547031389,0,21,0,1
0.901245870919498,1.90530149099403,-2.46905994811464,-1.95391386056101,0,21,0,1
-1.81118672912523,1.64446059128258,-0.0678369369870422,-0.638655981287216,0,21,0,1
0.152839778589478,1.71763230138294,-3.04353216999799,-2.11657856686973,0,21,0,1
-0.763858593470462,1.38450313002827,-2.94842740658406,-0.105079822983895,0,21,0,1
0.133880814845182,2.4279147519339,-1.04641657969871,-3.32046664511947,0,21,0,1
1.21805233773013,2.9476942740387,-2.26668024748157,-2.29935244006554,0,21,0,0
0.202336362219725,1.54219903541995,-2.00537207306234,-1.35707505506616,0,21,0,0
-2.33154995164038,0.848744514359215,-2.64142402496814,-1.85170297651966,0,21,0,0
0.225094336084508,-0.422266323614465,-1.60323164477136,-2.88007725618615,0,21,0,0
0.655216400192932,0.8705981376666,-1.04259073524209,-0.22934886074337,0,21,0,0
-2.75666193700817,1.77721464015387,-1.59549156345042,-2.64052595681053,0,21,0,0
-1.25710101860182,1.10046476566292,0.703027793454813,-2.69868092715798,0,21,0,0
-1.04831128123126,0.437491568216942,-2.2386231961587,-0.418300400955418,0,21,0,0
-0.444345397625658,0.897553268351239,-2.35865912453418,-2.76171074346015,0,21,0,0
0.223458379797124,2.3762004494728,-0.889477592076007,-2.53949031192053,0,21,0,0
-1.71925891829468,1.20255337265005,-1.08269467496225,-1.37128098684828,0,22,0,1
-0.527772112334154,3.16749012802471,-2.72148309081961,-1.90767474671858,0,22,0,1
-2.34068695240575,0.578073127632907,-2.52387541150905,-2.31275619717688,0,22,0,1
-1.62291064622603,2.23760664301182,-2.60082645707922,-2.35142159232187,0,22,0,1
1.3914543526492,1.27597595327485,-2.95470078440076,-3.00270658604595,0,22,0,1
-1.2426032970351,-0.188398408550752,-1.7183569242831,-2.55117990064448,0,22,0,1
-1.08769245370549,2.072069057636,-2.53472723111249,-1.52841730268785,0,22,0,1
-0.176910382968098,0.166725477269498,-1.48911192399399,-3.37292053231457,0,22,0,1
-1.98266626350877,1.18051771030894,-2.02335269367827,-1.39978447790147,0,22,0,1
-0.116532171953447,1.77470458838943,-2.64700546643678,-0.972572878695442,0,22,0,1
0.346347286470017,3.61616670108575,-2.45041968315955,-0.956335267969373,0,22,0,1
-0.194098198834274,3.656795665514,-1.72753566375915,-0.657241965251897,0,22,0,1
-0.414504068820373,1.75982248119821,-0.628048555785256,-3.7059064474395,0,22,0,1
-2.1208948311436,0.5417685890469,-0.619646592767255,-2.34758413970391,0,22,0,1
-2.5962583211054,2.95959862707224,-2.85216809124266,-2.57365557247947,0,22,0,1
-0.44821839945197,2.08512658092346,-2.82076274158387,-3.31304261817861,0,22,0,1
-2.16666412011478,2.16546658772875,-3.43832894365435,-3.44235186169395,0,22,0,1
-0.262950262045509,0.794730155394533,-1.47549390279705,-1.51169443045196,0,22,0,1
-0.8868618395229,1.16581430337998,-1.2679647289076,-1.89536597657928,0,22,0,1
-0.309792913848753,1.58877936427094,-1.93286064685947,-2.09979961603921,0,22,0,1
0.297010318393009,-0.429713449151905,-3.33857903401894,-3.19829515732379,0,22,0,1
-0.52805303173505,2.86154695849709,-0.595571923790583,-0.978165677603211,0,22,0,1
0.00854719694868211,3.82672270547431,-2.62186022138833,-1.43176644211846,0,22,0,1
-0.662206323240989,2.28046572201942,-3.38489570304308,-1.38059819881441,0,22,0,1
0.456828644226525,4.0106911055442,-3.20974229385456,-0.687720249329129,0,22,0,1
-1.90186240971662,3.92353177452901,-2.76846001518367,-2.12194385723058,0,22,0,0
-0.279158665048245,3.06902298881931,-1.45897699147516,-2.95706743466898,0,22,0,0
0.260360150190695,1.04526170318448,-3.50942973053923,-0.925093878040201,0,22,0,0
-1.50818790103642,3.12733024775262,-1.08950232153423,-2.30860324302745,0,22,0,0
-2.0255055011573,2.43893058025761,-2.65767336487223,-3.86270313654364,0,22,0,0
-3.61038805893832,2.78349081022713,-2.41546528820303,-3.56366706791607,0,22,0,0
-1.87509958488287,1.31054932055591,-1.57605499076557,-4.14586527765559,0,22,0,0
-1.81336246223365,1.08286028677418,-3.87865393300724,-1.4151097371709,0,22,1,0
-0.755461992537241,1.93330754859432,-0.036330844419632,-1.73423095949156,0,22,0,0
-0.862745311877348,2.63512461452265,-2.27242995193698,-1.82276485446525,0,22,0,0
-0.0103703082816684,1.22482003526298,-3.77133162653278,-2.32860888816295,0,23,0,1
-2.20141028380539,2.69791668206284,-3.63360709260687,-4.35712012900016,1,23,1,1
-1.30340467053855,1.23829338764178,0.0236554057925122,-1.51408232884424,0,23,0,1
-1.75743586899327,2.72112332713236,-1.95655092595962,-1.69372679303638,0,23,0,1
-2.08492892081478,2.15565573348677,-1.50867839336853,-1.49322297930923,0,23,0,1
-0.947434920709134,0.793043362322014,-0.355865129696625,-2.5428800643053,0,23,0,1
-0.0945081306425301,0.858370951065552,-2.04987743686204,-2.0675701750683,0,23,0,1
-2.00434723612772,1.87184243956476,-2.47438159087337,-1.87614121545988,1,23,0,1
-2.0843206237071,0.844093239429753,-0.78373981014147,-1.43676181866545,0,23,0,1
-0.467506296906539,1.93388064967199,-0.574222655393992,-2.51297411137561,0,23,0,1
-0.563836130951654,1.04297786752961,-2.71749374163576,-0.954545072630177,0,23,0,1
0.141607509108601,1.48189969921501,-1.83026993901432,-2.37680301031767,0,23,0,1
-0.472712043042134,1.97857722544174,-2.989256720863,-3.68720934206985,0,23,0,1
-2.11278453756791,2.66172597710551,-3.8041646539022,-1.03905247406158,1,23,1,1
-0.63357829843549,2.64402304215203,-4.11959623996759,-2.35815424877794,1,23,0,1
-1.04997223469192,2.24774411469369,-4.08647954670519,-1.26792842578237,1,23,1,1
-0.877786162443229,2.18350975299856,-3.89943553912098,-2.78121263982779,1,23,0,1
-0.64036843836729,2.96589939840944,-1.70233534950208,-1.4904707627906,0,23,0,1
-0.191043955679334,1.70148267438936,-3.38104866260601,-1.09376766699592,0,23,0,1
-1.48760467575398,0.207087595335139,-2.50653756018745,-3.02097290650568,1,23,1,1
0.954197770603904,1.6642865982983,-2.66025085530756,-2.6330079772945,0,23,0,1
-2.16905647999881,2.07468195604363,-1.17920777528075,-3.43650042023509,0,23,0,1
-1.47457061082018,0.656075963843082,-1.81948393243592,-3.14793814472814,1,23,0,1
-0.678600444303562,3.9719058444225,-1.35429531506201,-3.11429253784131,0,23,0,1
0.14091963748979,2.03090717660244,-2.30820075823154,-2.02769618079989,0,23,0,1
-1.11268987703284,1.07553974097093,-3.12455608525164,-2.00307265114204,1,23,0,0
-1.68024160341735,3.1853428645042,-1.76251036086328,1.27426787719349,0,23,0,0
-0.31739762434613,1.81533698372198,-1.78855434118355,-2.95907281488084,0,23,0,0
-1.80965253090051,3.26725288171053,-3.11290504316043,-1.85469019653926,1,23,0,0
-0.617679628034318,1.82273578921118,-1.371212016808,-2.81430254281243,0,23,0,0
-1.84174371337711,1.66074100602343,-1.75279119361398,-2.22904158320475,0,23,0,0
-3.06404197544679,2.71163107023009,-1.14222393908871,-1.67676184807067,0,23,0,0
-0.479072902394829,1.21901283014434,-3.76839932298442,-2.41505402050697,1,23,0,0
-1.19388436488658,1.83851312842637,-1.35835677428274,-2.3343433901012,0,23,0,0
-0.59533177135938,3.68053951868432,-1.36973744542098,-1.32157092871533,0,23,0,0
-0.00649219672203583,3.16456767324816,-1.75749024465448,-0.808569047650202,0,24,0,1
0.212372582843225,1.67636938748418,-1.4049879354744,-1.8686363177851,0,24,0,1
-0.297259262050489,0.810199238360375,-2.21869734183542,-1.96415264026896,0,24,0,1
-1.61145444528262,1.55446933876782,-1.71127236495307,-1.17445281422701,0,24,0,1
-1.30621855674807,1.50317253714825,-3.29331861345744,-2.4043850266889,0,24,0,1
1.15230634047015,3.27450002305492,-3.82776207744266,-2.46578929234503,0,24,0,1
1.28810023505138,3.82391980711979,-3.26022238558744,-2.80275479775386,0,24,0,1
-0.785502084036247,1.53751162364699,-2.57650671448052,-1.387670444451,0,24,0,1
0.732009166668616,0.868062442040145,-0.520994228257461,-1.38833960777185,0,24,0,1
-2.03437719122556,0.663045456741477,-1.47922038371132,-1.36603474214145,0,24,0,1
-2.2496333965101,2.65654136375659,-1.32711067233963,-1.43799912316024,0,24,0,1
0.39697872601829,1.28219747693296,-2.06183115383896,-1.71472104721557,0,24,0,1
-0.070213014166256,1.59850306022794,-4.39160056529576,-1.3073167118318,0,24,0,1
-2.90166440705983,0.948124352424613,-2.45795126554277,-1.35755945185625,1,24,0,1
-3.34931643165584,2.97964085970694,-0.348465295503482,-1.86485218147815,0,24,0,1
0.119577823859158,1.10578747437121,-1.67006467942241,-3.97417428231917,0,24,0,1
-1.72939586581629,1.47432910406002,-1.93217525765882,-2.06754067587837,0,24,0,1
-1.7778395396956,1.56273952948174,-3.00532052922752,-2.19291163003787,0,24,0,1
-2.37236957018704,1.71766426304884,-2.89078096140879,-0.704227707708457,1,24,0,1
-0.346287276854249,2.40886312445238,-2.80854408008218,-1.89014261109641,0,24,0,1
-0.584311444224781,0.36525731392966,-2.42228337749912,-0.777814106459362,0,24,0,1
-0.981826867205629,2.71694183271844,-1.89016109153104,-3.01876621691458,0,24,0,1
-0.49139719202729,1.75358531354308,-3.13206152781635,-1.2799314387037,0,24,0,1
-0.672132616498271,1.06766088626521,-1.174701803483,-1.72813172289083,0,24,0,1
-2.12940497094471,1.38992479648237,-2.68167495182202,-1.64093342932852,0,24,0,1
0.726108310401347,1.16814544624689,-0.643538760229178,-3.81302260214976,0,24,0,0
-1.70962919743289,1.48755771869535,-2.18919343193384,-1.20366249406843,0,24,0,0
-1.49313659086687,1.17329552190312,-1.63967619491878,-3.14271712809158,0,24,0,0
-1.80605980112718,2.06883245560257,-2.85877718609779,-0.929080815247566,0,24,0,0
-0.683167724832822,2.68869772316341,-3.34383006967646,-2.46666430225157,0,24,0,0
-3.07823349399007,3.09114410137656,-4.45341779626993,-4.15858239077219,1,24,0,0
-1.94071717558504,1.57242726794025,0.387383239621431,-4.11597515400956,0,24,0,0
-0.811981189301416,2.42458418275685,-1.15870407645505,-2.59878102373499,0,24,0,0
-0.204676382608073,1.52805553426856,-1.14831633870569,-3.37684761677042,0,24,0,0
0.256429821808867,2.44255231622485,-2.59868625379642,-1.39317625470417,0,24,0,0
-0.036868372865053,3.61168000086432,-1.86090414963707,-0.987364059063623,1,25,1,1
0.502589510175222,3.34459056987937,-3.44707028641968,-0.880386356327741,1,25,0,1
-0.196512945910792,2.14916582611459,-2.20831438987628,0.758270895789695,1,25,1,1
-2.48050024045516,1.66357364192986,-2.67728543728521,0.0139004339064182,1,25,1,1
-1.05355404451864,1.47905237415601,-1.36743515887145,-0.751797453421418,1,25,1,1
-1.28627121792174,2.57371757078759,-3.79958176548087,-2.11921102766944,0,25,0,1
0.956304257171588,4.87070746017918,-3.13044465066266,-2.09340301775175,1,25,1,1
-0.396972385586648,3.68809224260567,-4.53417122262023,-0.451805321355658,1,25,0,1
0.483155345483196,4.78228098239486,-3.00069809223443,-1.86288504462762,1,25,1,1
-1.93568191957576,2.08137675070871,-1.16902626492624,-1.03637032832805,1,25,1,1
-0.752173116316345,2.77894188029901,-2.74713493239813,-0.22163415038989,1,25,1,1
-0.146329752461198,4.09557504630236,-3.60870660706071,0.99127168503564,1,25,1,1
-0.485781298978344,1.76329453068167,-3.53649454470129,-1.16136228787907,0,25,0,1
-0.553767660271114,1.24291652764729,-2.67061752565575,-2.44422826298199,0,25,0,1
-0.374144319839348,1.89338832203478,-3.43617136417816,-1.40084446052773,0,25,0,1
-0.737483652348157,1.02460135517093,-1.67964011387659,-1.97704485125373,0,25,0,1
-2.9842595738944,1.86564948785812,-3.06417280069578,-1.46008371206892,1,25,0,1
-0.255369509037848,1.99821114341705,-3.50276591950895,-0.167898719339005,0,25,0,1
-0.724480728120846,3.18349807368397,-1.58955762762085,-1.45812119369284,1,25,1,1
-0.216386074757191,2.5044766972569,-0.139682756758495,-1.25044013802703,1,25,1,1
-0.90792932570571,3.9210908867925,-1.79548370829766,-1.13754014819292,1,25,1,1
-0.483837030634273,3.53963294440329,-3.80387097464755,-2.07442380908435,0,25,0,1
-1.71591294664474,3.46349437038403,-2.34309886734931,-1.19727322875286,1,25,1,1
-1.57711938722369,2.63059550142982,-2.44289139363222,-1.69788757926983,1,25,1,1
-3.05274802327637,3.55565203129233,-3.77027928672833,-2.70619612176295,1,25,1,1
-1.03069817979803,2.05336896956471,-5.99204461493568,-2.48563409184837,0,25,0,1
-1.64333119536489,3.63765187155825,-2.54104684580697,-0.722634121611376,1,25,1,1
-2.20907240245697,3.06653931922556,-2.26868278301454,-1.589910455473,1,25,1,1
-0.952815500761474,2.24553071572055,-2.67259440789567,1.57422702789202,1,25,1,1
-2.01862668858143,2.39476569416173,-2.03950745753898,-1.04237262958826,1,25,1,0
0.807896680156435,4.41151117601833,-3.42641265606101,-3.91933449798749,0,25,0,0
0.82618851062617,3.15613639867706,-3.24028245390623,-0.759938674510823,1,25,0,0
0.813214934709138,3.41074091029404,-3.77633716281935,-2.43863638841375,0,25,0,0
-0.928943939567917,3.33047611551121,-1.7666048385731,0.268703213310173,1,25,1,0
-3.32528803216908,3.12431649808576,-2.56229790986333,-0.338926334720631,1,25,1,0
-0.871324685036057,1.35729325753312,-2.77296485473232,-0.980005147085427,0,25,0,0
1.431608910713,2.74228266159994,-0.99705096664562,-1.82155967970832,1,25,1,0
-0.638857898573757,2.74938130468906,-2.65536968120452,-1.40167347684137,1,25,0,0
-0.459780926221019,1.59507759255239,-2.71131895447561,-0.577123027889951,0,25,0,0
-0.790588065307765,3.52440120557022,-3.73473633868071,-4.27621498647072,0,26,0,1
-2.58067570930632,1.13744112643156,-1.70628544453547,-1.77933008503614,1,26,0,1
-1.46956332887548,3.88381438196292,-1.33303573074316,-1.08379854476692,1,26,1,1
0.44258789522556,2.89691362151439,-2.36444482773346,-1.03837930011439,1,26,0,1
-0.216479577503228,2.49284259710208,-2.24048925060527,-0.146617350020988,1,26,1,1
-2.58379291797772,4.22586929531751,-1.69621428024104,-0.639379080992263,1,26,1,1
-0.261671793155412,4.03931307456268,-3.3055067509837,-2.23703062177562,1,26,0,1
-1.65305790086949,2.81798329253768,-3.87907960695163,-1.39483777723111,0,26,0,1
-2.1079361357974,4.11336189282154,-2.54454890219819,-2.84846681696152,1,26,1,1
-0.662215729009588,4.18002168283079,-3.59175861067045,-0.319458289354863,1,26,1,1
-0.116165145922929,1.82957394369222,-1.7703869365554,0.0612669971334607,1,26,1,1
-0.818037766663586,3.09366794307485,-3.23486279392806,-0.320770496608784,1,26,1,1
-1.05798095938223,3.20450160104587,-3.92968570196547,-0.467871606967713,1,26,0,1
-2.23347227689083,3.46707083136149,-2.91980018276288,-0.594639204096636,1,26,1,1
-1.56087172981427,3.65798250795685,-2.54201312970117,-2.40302467627892,1,26,1,1
-2.41127340552903,4.31521270670846,-4.2321783037669,-2.2167131800964,1,26,1,1
0.252419315385356,3.33163317057876,-3.11779730449601,-0.92369546243216,1,26,0,1
-2.08243818683465,2.46890738180389,-2.47286038917514,-1.04094863286099,1,26,1,1
-0.208328698868788,4.52079310510361,-1.87166061548427,0.60860891151998,1,26,1,1
-0.786527087262421,2.89950374325488,-3.42341798970314,0.043543548446819,1,26,0,1
-0.927253972749996,2.19005827637728,-2.03619438157682,-1.5762762224563,1,26,0,1
-0.860353148645084,3.67262937933382,-2.44515426246377,-1.40748853126854,1,26,1,1
-2.76957551119485,1.68154100016078,-3.84219169602397,-1.98493890326144,0,26,0,1
-2.26619887460049,2.93920706755347,-2.46630523600224,-1.71179303307428,1,26,1,1
-0.0031927613992706,1.74689893097957,-2.55526067472801,-1.78073416928334,0,26,0,1
0.0881895941417372,4.56254507592351,-3.03293327210029,0.876538489938217,1,26,1,1
-0.00239070743591607,5.80299536997893,-0.742400598563068,-1.10259925436789,1,26,1,1
-0.203917452538856,3.34625742588355,-3.39997857752893,0.298322428486543,1,26,1,1
-0.740041843692552,3.0343807771301,-2.25590813809525,-1.09359759481806,1,26,1,1
-1.79959124851682,3.8740275572465,-4.13716345691794,-1.49195256999871,1,26,0,0
-3.58140874716547,2.93084282505212,-4.12261186159189,0.200950064439245,1,26,1,0
-0.662510173895725,1.94860110181727,-2.35925691986412,-1.14633766283741,0,26,0,0
-0.152614122494434,2.41104580012741,-2.23525059322684,-1.64494755904439,0,26,0,0
0.527911847378031,2.89352385902304,-2.23467577874602,0.721910839061321,1,26,1,0
-1.47351515568523,2.13019037490771,-2.92795844325065,-2.24162131683823,0,26,0,0
-1.98798878331124,0.421905711396075,-4.00290739081623,-0.229640828118643,0,26,0,0
-1.68738251493296,3.50843269143704,-4.19577484150245,-0.770136919421091,1,26,0,0
-2.47739593123986,3.64712400396285,-3.66882894575853,-0.193885903348649,1,26,1,0
-0.0269092527643287,2.19085655465041,-3.33329452685743,-2.03064082874605,0,26,0,0
0.292097014589852,0.660499920909211,-2.96265311513308,-3.26224934539434,1,27,1,1
-1.25895483743637,2.18972220141642,-1.71557648978749,-1.55966980656909,0,27,0,1
0.460172124339807,2.13211591682414,-1.10000668165083,-2.89009991669163,0,27,0,1
-1.02813485765613,1.43168967732077,-0.836186014519955,-2.53677771114208,0,27,0,1
-3.01944807193547,1.30298891638832,-3.28821424945995,-3.27184540468506,1,27,1,1
-0.200859480916327,3.34878273562252,-1.81460547778526,-1.62073243135709,0,27,0,1
-2.07531050436233,0.145458239352328,-2.29401265392129,-2.36221635694691,1,27,1,1
-0.797531318806686,1.7403616498969,-1.57376177981645,-2.03776558738383,0,27,0,1
-1.61150463673585,2.97032584034732,-2.20121330626147,-3.0377934944507,0,27,0,1
-1.9936681376789,1.92858228965691,-3.44700623534775,-2.02112149577291,1,27,1,1
-2.93543005457497,1.93550525977833,-4.45089993829573,-0.743088197167721,1,27,1,1
0.123954391352127,2.4928832698172,-2.52551911839505,-1.00086624219487,0,27,0,1
0.618156919649483,2.4461690578961,-1.73716781017748,-1.62386952690245,0,27,0,1
-2.07865278290238,2.49244918762742,-1.80423008040079,-2.18935155661524,0,27,0,1
-1.72295826743053,1.54254546267742,-3.30833910135272,-1.15852929903039,1,27,1,1
-1.42832101288055,2.64557221838112,-1.70454362343834,-2.16667375846206,0,27,0,1
-1.98350402769238,2.58050958630693,-1.59146660298259,-2.07832900002218,0,27,0,1
-0.521585148758318,2.14688831726169,-2.19320642006324,-1.63155721305897,0,27,0,1
-0.493118490925917,0.409594467712816,-2.64428583584397,-3.66541320899662,1,27,1,1
-0.535749628663479,2.77590949242307,-2.86011740935846,-3.19119168630724,0,27,0,1
-1.26252540760163,2.4130303280409,-2.75790683216873,-0.279133820166244,0,27,0,1
0.141789604126569,1.64098824065057,-2.16298562229359,-3.44808335373929,0,27,0,1
-2.92723727254799,2.83618983860669,-3.25059075532036,-0.722472491766182,1,27,1,1
0.379058214737825,0.506974148068406,-2.74556637346422,-2.64264518018563,0,27,0,1
-1.94885772473853,3.11174594604871,-1.66775121652227,-1.83675599682838,0,27,0,1
-2.26633112564877,3.91094326904432,-0.109914995651556,-2.80625229852338,0,27,0,1
-0.735436847010244,4.04417975796559,-3.11497848563349,-1.92142047879923,0,27,0,1
-0.766302827167394,1.19766332911583,-1.8359777948677,-2.86950817393933,0,27,0,0
-1.3741694806581,4.04203789790706,-2.70263666188606,-2.09771132199527,0,27,0,0
-1.73080353936486,2.29734020571628,-1.11591982650793,-0.669403349364843,0,27,0,0
0.209511511452279,1.11410577281369,-1.92869919252938,-2.6090228201645,0,27,0,0
-0.37402908589063,1.56693124688417,0.445431870263675,-2.27008023253367,0,27,0,0
-1.90146635810484,2.6168114051248,-3.75340893233561,-1.23332296892525,1,27,1,0
-0.330849277897727,-0.0441004826666016,-1.81849965314058,-2.69334009772953,0,27,0,0
-0.52856486755587,2.97816165244296,-2.5868155947259,-1.36582185838249,0,27,0,0
0.921613018324364,2.66857029202609,-1.72097492208527,-1.36229451668605,0,27,0,0
-0.799514770206926,0.845889871113502,-1.77242214994939,-4.16161844059802,0,27,0,0
-1.03527564637474,1.19062521380301,-1.7275470972876,-2.43322561383342,0,28,0,1
-1.25780162769235,1.60869667937989,-2.08336378948197,-3.05023132108648,0,28,0,1
-1.75413474205071,2.90261859924897,-1.69234330850684,-2.61349717219766,0,28,0,1
-1.07493356280584,2.38916420641042,0.312296900310033,-2.92605502433843,0,28,0,1
-0.770759774974574,0.996352861729769,-2.3086767621873,-1.21606724011907,0,28,0,1
-1.72296774048525,1.41974926122673,-2.42207478078181,-1.14319031217851,0,28,0,1
0.276235804217738,2.88741061106772,-3.42531937085405,-1.62949690452948,0,28,0,1
-2.64491506096898,2.37076243976923,-2.97160296897191,-2.25405205723039,0,28,0,1
-0.858768024239786,2.28189706372074,-1.35962109816379,-1.37265534011938,0,28,0,1
-3.49971144981927,2.69547716901529,-1.49536612925388,0.114451667311166,0,28,0,1
-1.90732871812709,1.97028304660405,-2.21039362163167,-3.92732196237953,0,28,0,1
-1.17925719945429,0.617769923228549,-2.2794777180937,-4.54961847024316,0,28,0,1
1.090076973949,4.51133891966357,-2.38305617450264,-0.622084198983264,0,28,0,1
-0.362227458581419,1.79287774682918,-2.45640645530121,-1.64610531712048,0,28,0,1
-2.52172983327406,1.92604275341501,-0.73244006672737,-2.28804312990741,0,28,0,1
-1.82446225315778,1.96611132092983,-0.0935133226160461,-2.60110559604053,0,28,0,1
-1.49087278240822,2.06456323545193,-2.85952665880939,-0.633266974824947,0,28,0,1
-0.193180482588871,1.64213859999529,-1.28275193555036,-0.954448555316704,0,28,0,1
-0.654703445936226,2.36527750425625,-3.19593655051375,-1.84886866166679,0,28,0,1
-0.986807567537403,-0.371032850593949,-3.78117549476924,-1.57351266916975,0,28,1,1
-1.65976251844276,4.11771646929618,-2.76006624720725,-2.91723392994749,0,28,0,1
-1.12397566954447,2.47996542987578,-0.937347562458265,-1.81151462766715,0,28,0,1
0.604597927278584,2.38902608498576,-2.12168201062829,-0.257192948118346,0,28,0,1
-0.848490259917039,1.87228110242043,-3.61929100119752,-3.58357361339494,0,28,0,0
-0.084009364989271,2.6902490720531,0.139136334391801,-1.84080122416918,0,28,0,0
-0.656568955812841,1.28281767354969,-1.50903796675963,-1.74576698162508,0,28,0,0
0.307453638533222,2.0261739957318,-2.23834004518933,-2.49246930308541,0,28,0,0
-0.642024364588787,3.27739048649995,-1.28639986962828,-0.791465638178437,0,28,0,0
-0.278445162040977,2.03442481062297,-1.52489164705612,-0.823733585216142,0,28,0,0
-1.13044472994129,2.29753099543146,-1.38555120775458,-1.59332952049914,0,28,0,0
-0.982192609887301,3.06615100120964,-2.35935750387489,-3.49759741091406,0,28,0,0
-0.170818494256049,1.96704285495513,-3.65891244904566,-2.17200563565741,0,28,0,0
-0.181410463216369,2.7179532733607,-3.10440808156128,-0.887297069915149,0,28,0,0
2.14565198445255,0.511213471401703,0.0545714811631015,-3.53593636156002,1,29,1,1
0.718864888327136,1.30593809758306,1.51220482759376,-2.26938521736233,1,29,1,1
1.61822803173966,-0.477268028785592,2.52726572844056,-2.25020217508923,0,29,0,1
-0.440628786414115,-0.715554734207115,0.302673527178299,-3.32104067900981,1,29,1,1
0.137969544136246,-1.77829139108292,2.37229931446884,-1.67331167853595,0,29,0,1
0.0347342785972999,-2.86569147255825,-0.211888885410537,-3.52030192452008,1,29,1,1
0.851931297051963,-2.56009735406414,3.262541573127,-5.57739853828658,1,29,1,1
0.15649968392765,-0.890357059741897,-0.86815924251475,-2.20226454467379,1,29,1,1
0.458766765170375,0.0350177767885401,0.237301602165239,-3.72913084046055,1,29,1,1
2.42413991148702,0.296357766721563,-0.983993137657849,-3.74752432757047,1,29,1,1
1.43704798496862,2.03373242448737,1.32851454590888,-0.845563056688478,0,29,0,1
0.136787421786529,0.551718639533121,1.63304513437855,-0.685541087673716,1,29,0,1
1.63993796834569,-0.827094003715258,1.56488194039166,-4.02454187951666,1,29,1,1
2.90169467820734,-2.35531022037672,1.37273192289353,-0.44234782718085,0,29,0,1
0.81878607153918,-1.09571033126829,-2.16272813931631,-1.97739590207236,1,29,1,1
2.08084469790841,-2.71857640799333,1.24030214790415,-1.48631356522627,0,29,0,1
-0.434169902479673,-1.82462164177074,1.72314953507599,-4.34395469174889,1,29,1,1
1.28730635681407,-0.0260638659746265,-0.78243579579426,-2.94853029750053,1,29,1,1
0.978423040817013,-1.41738000357357,1.12821569459426,-4.58293574837236,1,29,1,1
0.900370550303411,-1.348671528825,-0.937006859746912,-4.33342747571174,1,29,1,1
0.0684723428241711,-3.52022333387619,0.625713283230423,-2.51980806596998,1,29,1,1
-0.575114685059994,1.1512393965035,0.981748985569144,-3.79652724378402,1,29,1,1
1.34384886165609,-0.308322678565283,-0.577578225878091,-3.05855987774311,1,29,1,1
-0.806326831501401,-0.0189905576763516,1.18073694952063,-1.08150326065292,1,29,1,1
2.68178737136063,3.02786152582252,2.63555365357212,-3.70741349778139,0,29,0,1
1.46327324802245,0.0967726252241104,1.44700802455332,-2.2805505973598,1,29,1,1
0.00108679053101957,-1.32081341245883,-0.820625399154806,-2.56512172093218,1,29,1,1
0.300700947567652,-1.45860727686847,1.08214274576034,-3.96095205565715,1,29,1,1
0.783775144369121,-2.38905213691443,-2.24767908012687,-5.80759528275403,1,29,1,1
4.75658651108487,0.16632787212617,1.46861446768947,-2.88070222076816,0,29,0,1
1.90120436762226,1.04854895103249,-1.71545499954081,-3.01630987759942,1,29,1,0
3.60792634482251,3.1200497140903,0.834672947269859,-2.66782846105514,1,29,0,0
-1.04320327136178,0.967939943923125,-0.995185552040908,-4.07789597396217,1,29,1,0
0.513382160213296,0.374814752781763,0.530312917782362,-1.74319964051646,1,29,1,0
1.87642196627962,0.363631940002818,1.11019817312693,-1.46558019667769,1,29,0,0
0.321045295358677,-0.870077620624228,2.60460451607207,-1.45814654793059,0,29,0,0
1.53402586750749,0.373769527586293,0.609308345643923,-3.0686335520042,1,29,1,0
0.519863628893146,-1.02221280871698,-0.498744009680277,-4.5611685871721,1,29,1,0
-0.833151278052684,0.0087008431827781,1.50789587244546,-3.43694442628241,1,29,1,0
3.29244333005431,-0.44856316341469,1.02620415019045,-3.02819925699264,1,29,0,0
-1.78358069465184,5.63191017251559,-4.11828356210665,-0.116382112850532,1,30,1,1
-2.27603890151594,4.29427123423766,-5.09655701643598,-1.76988712973994,0,30,0,1
-1.10990082023377,3.56278637892468,-1.19704547289917,-1.78831884320391,1,30,1,1
-0.9737558148842,2.64589805170239,-3.29954808974107,-0.373870810607711,0,30,0,1
-1.35936823846562,4.75276282569764,-2.61743886616196,-0.502830272968982,1,30,1,1
0.0480359410235434,4.30489435988655,-1.98033442794122,0.0325876054813128,1,30,1,1
-1.78758542660128,2.83214614189335,-3.96480320492186,-0.610715582011826,0,30,0,1
-1.80383943935336,2.83894872419667,-2.44719425872656,0.380020257338989,1,30,1,1
-1.00602666250101,2.43435314722622,-6.1058092107841,-1.47210539121089,0,30,0,1
-2.46613952355083,3.297671190351,-2.53753024199424,-2.18547107133779,1,30,1,1
-0.863478544415507,4.61878260882261,-2.99603296565477,-1.03002308761693,1,30,1,1
-0.969063203988319,4.37079020502031,-3.72546460286845,-2.01199784172687,0,30,1,1
0.172488271058497,3.99776298439346,-3.16545964249153,-1.40317313740059,0,30,0,1
0.135522442087175,3.22554892630975,-4.66102310472157,-2.05132690249483,0,30,0,1
-2.45411411802803,2.83639201975455,-2.32580441190234,-1.38053800023778,1,30,1,1
0.557985044761086,3.45357537462904,-3.05492516011986,-0.447601284060616,0,30,0,1
0.499455538261287,3.06460964311407,-1.81962873731979,-0.723827755447754,1,30,1,1
-1.09296085681513,2.73733728030074,-2.28332688700617,-0.405893118471007,1,30,1,1
-0.26279641458811,4.64587921746474,-3.45944646476977,-1.15259651518531,1,30,1,1
-0.487609081043422,1.87419874908484,-1.75966469297481,-2.20164038929917,0,30,0,1
0.89733545229099,1.20328352203098,-2.9239130201338,-2.77509505751818,0,30,0,1
-0.279085652463676,4.07989693136781,-3.19777867144836,-1.69231849520144,0,30,0,1
-0.737886739276625,1.57268959417772,-3.0831369671793,0.148686397284859,0,30,0,1
-1.35615207372331,4.16110227546962,-3.17638741402485,0.763497570940099,1,30,1,1
-0.437236981357321,4.41165473750695,-3.22192034448582,-0.536355163538646,1,30,1,1
-1.28292712772989,2.44832893164019,-4.10984500579586,-0.286729571548993,0,30,0,1
-0.456779796514426,2.90930682136759,-1.80770240466456,-1.62884059921264,1,30,1,0
-0.792717179658758,-0.450032664484932,-2.71682510889949,-1.8592525259692,0,30,0,0
-2.04750249030319,0.688472995073657,-2.03438668636339,-0.532827616330714,0,30,0,0
-2.41228199947352,1.64171458075481,-3.38689579619741,-1.06565256851567,0,30,0,0
-0.43685430691662,3.99223417773263,-2.69771451553488,-1.60253588108905,1,30,1,0
-1.40957782950734,3.55139091246013,-3.46253239137596,-2.65751960647185,0,30,0,0
-1.19981900781757,2.21131884109667,-3.00001969128578,-0.669202776525511,0,30,0,0
-1.84255654049693,2.88655523481138,-2.97485206304875,-0.537459019351327,1,30,1,0
-0.887119329888635,2.12876476127554,-2.37747094191902,-2.20050184907043,0,30,0,0
0.194327751555394,4.26573687404483,-0.0399806833557439,-0.408249448613644,1,30,1,0
